"MonitoringLocationIdentifier","SampleDepthValue","RelativeDepth","datetime","CharacteristicName","ResultSampleFractionText","OrganizationIdentifier","OrganizationFormalName","MonitoringLocationName","MonitoringLocationTypeName","LatitudeMeasure","LongitudeMeasure","HorizontalCoordinateReferenceSystemDatumName","SampleDepthUnit","minute","hour","ResultMeasureValue","ResultMeasure.MeasureUnitCode","MethodSpecificationName","MeasureQualifierCode","ResultDetectionConditionText","ResultStatusIdentifier","ResultValueTypeName","ActivityMediaName","EstimatedQuantitationLimit","LowerQuantitationLimit","LowerReportingLimit","MethodDetectionLevel","UpperQuantitationLimit","EstimatedQuantitationLimitUnit","LowerQuantitationLimitUnit","LowerReportingLimitUnit","MethodDetectionLevelUnit","UpperQuantitationLimitUnit","result_count","Date","Month"
"4917310",0.0001,NA,2019-08-12 10:20:00,"Light, photosynthetic active radiation at depth (PAR)",NA,"UTAHDWQ_WQX","Utah Department Of Environmental Quality","UTAH LAKE 0.5 MI W OF GENEVA DISCHARGE #15-A","Lake",40.320872844,-111.777537513,"NAD83","m",20,10,1275,"umol/m2/s",NA,NA,NA,"Accepted","Actual","Water",NA,NA,NA,NA,NA,NA,NA,NA,NA,NA,1,2019-08-12,8
"4917310",0.0001,NA,2019-09-23 14:15:00,"Light, photosynthetic active radiation at depth (PAR)",NA,"UTAHDWQ_WQX","Utah Department Of Environmental Quality","UTAH LAKE 0.5 MI W OF GENEVA DISCHARGE #15-A","Lake",40.320872844,-111.777537513,"NAD83","m",15,14,1200,"umol/m2/s",NA,NA,NA,"Accepted","Actual","Water",NA,NA,NA,NA,NA,NA,NA,NA,NA,NA,1,2019-09-23,9
"4917310",0.1,NA,2019-06-17 11:00:00,"Light, photosynthetic active radiation at depth (PAR)",NA,"UTAHDWQ_WQX","Utah Department Of Environmental Quality","UTAH LAKE 0.5 MI W OF GENEVA DISCHARGE #15-A","Lake",40.320872844,-111.777537513,"NAD83","m",0,11,1183.1,"umol/m2/s",NA,NA,NA,"Accepted","Actual","Water",NA,NA,NA,NA,NA,NA,NA,NA,NA,NA,1,2019-06-17,6
"4917310",0.4,NA,2019-06-17 11:00:00,"Light, photosynthetic active radiation at depth (PAR)",NA,"UTAHDWQ_WQX","Utah Department Of Environmental Quality","UTAH LAKE 0.5 MI W OF GENEVA DISCHARGE #15-A","Lake",40.320872844,-111.777537513,"NAD83","m",0,11,1140,"umol/m2/s",NA,NA,NA,"Accepted","Actual","Water",NA,NA,NA,NA,NA,NA,NA,NA,NA,NA,1,2019-06-17,6
"4917310",0.6,NA,2019-09-23 14:15:00,"Light, photosynthetic active radiation at depth (PAR)",NA,"UTAHDWQ_WQX","Utah Department Of Environmental Quality","UTAH LAKE 0.5 MI W OF GENEVA DISCHARGE #15-A","Lake",40.320872844,-111.777537513,"NAD83","m",15,14,322,"umol/m2/s",NA,NA,NA,"Accepted","Actual","Water",NA,NA,NA,NA,NA,NA,NA,NA,NA,NA,1,2019-09-23,9
"4917310",0.8,NA,2019-08-12 10:20:00,"Light, photosynthetic active radiation at depth (PAR)",NA,"UTAHDWQ_WQX","Utah Department Of Environmental Quality","UTAH LAKE 0.5 MI W OF GENEVA DISCHARGE #15-A","Lake",40.320872844,-111.777537513,"NAD83","m",20,10,200,"umol/m2/s",NA,NA,NA,"Accepted","Actual","Water",NA,NA,NA,NA,NA,NA,NA,NA,NA,NA,1,2019-08-12,8
"4917310",1,NA,2019-06-17 11:00:00,"Light, photosynthetic active radiation at depth (PAR)",NA,"UTAHDWQ_WQX","Utah Department Of Environmental Quality","UTAH LAKE 0.5 MI W OF GENEVA DISCHARGE #15-A","Lake",40.320872844,-111.777537513,"NAD83","m",0,11,682,"umol/m2/s",NA,NA,NA,"Accepted","Actual","Water",NA,NA,NA,NA,NA,NA,NA,NA,NA,NA,1,2019-06-17,6
"4917310",1,NA,2019-09-23 14:15:00,"Light, photosynthetic active radiation at depth (PAR)",NA,"UTAHDWQ_WQX","Utah Department Of Environmental Quality","UTAH LAKE 0.5 MI W OF GENEVA DISCHARGE #15-A","Lake",40.320872844,-111.777537513,"NAD83","m",15,14,112,"umol/m2/s",NA,NA,NA,"Accepted","Actual","Water",NA,NA,NA,NA,NA,NA,NA,NA,NA,NA,1,2019-09-23,9
"4917310",1.3,NA,2019-08-12 10:20:00,"Light, photosynthetic active radiation at depth (PAR)",NA,"UTAHDWQ_WQX","Utah Department Of Environmental Quality","UTAH LAKE 0.5 MI W OF GENEVA DISCHARGE #15-A","Lake",40.320872844,-111.777537513,"NAD83","m",20,10,60,"umol/m2/s",NA,NA,NA,"Accepted","Actual","Water",NA,NA,NA,NA,NA,NA,NA,NA,NA,NA,1,2019-08-12,8
"4917310",1.4,NA,2019-06-17 11:00:00,"Light, photosynthetic active radiation at depth (PAR)",NA,"UTAHDWQ_WQX","Utah Department Of Environmental Quality","UTAH LAKE 0.5 MI W OF GENEVA DISCHARGE #15-A","Lake",40.320872844,-111.777537513,"NAD83","m",0,11,454,"umol/m2/s",NA,NA,NA,"Accepted","Actual","Water",NA,NA,NA,NA,NA,NA,NA,NA,NA,NA,1,2019-06-17,6
"4917310",1.4,NA,2019-09-23 14:15:00,"Light, photosynthetic active radiation at depth (PAR)",NA,"UTAHDWQ_WQX","Utah Department Of Environmental Quality","UTAH LAKE 0.5 MI W OF GENEVA DISCHARGE #15-A","Lake",40.320872844,-111.777537513,"NAD83","m",15,14,57,"umol/m2/s",NA,NA,NA,"Accepted","Actual","Water",NA,NA,NA,NA,NA,NA,NA,NA,NA,NA,1,2019-09-23,9
"4917310",1.8,NA,2019-09-23 14:15:00,"Light, photosynthetic active radiation at depth (PAR)",NA,"UTAHDWQ_WQX","Utah Department Of Environmental Quality","UTAH LAKE 0.5 MI W OF GENEVA DISCHARGE #15-A","Lake",40.320872844,-111.777537513,"NAD83","m",15,14,20,"umol/m2/s",NA,NA,NA,"Accepted","Actual","Water",NA,NA,NA,NA,NA,NA,NA,NA,NA,NA,1,2019-09-23,9
"4917310",2,NA,2019-08-12 10:20:00,"Light, photosynthetic active radiation at depth (PAR)",NA,"UTAHDWQ_WQX","Utah Department Of Environmental Quality","UTAH LAKE 0.5 MI W OF GENEVA DISCHARGE #15-A","Lake",40.320872844,-111.777537513,"NAD83","m",20,10,6,"umol/m2/s",NA,NA,NA,"Accepted","Actual","Water",NA,NA,NA,NA,NA,NA,NA,NA,NA,NA,1,2019-08-12,8
"4917310",2.2,NA,2019-06-17 11:00:00,"Light, photosynthetic active radiation at depth (PAR)",NA,"UTAHDWQ_WQX","Utah Department Of Environmental Quality","UTAH LAKE 0.5 MI W OF GENEVA DISCHARGE #15-A","Lake",40.320872844,-111.777537513,"NAD83","m",0,11,176,"umol/m2/s",NA,NA,NA,"Accepted","Actual","Water",NA,NA,NA,NA,NA,NA,NA,NA,NA,NA,1,2019-06-17,6
"4917310",2.2,NA,2019-09-23 14:15:00,"Light, photosynthetic active radiation at depth (PAR)",NA,"UTAHDWQ_WQX","Utah Department Of Environmental Quality","UTAH LAKE 0.5 MI W OF GENEVA DISCHARGE #15-A","Lake",40.320872844,-111.777537513,"NAD83","m",15,14,2.8,"umol/m2/s",NA,NA,NA,"Accepted","Actual","Water",NA,NA,NA,NA,NA,NA,NA,NA,NA,NA,1,2019-09-23,9
"4917310",2.3,NA,2019-08-12 10:20:00,"Light, photosynthetic active radiation at depth (PAR)",NA,"UTAHDWQ_WQX","Utah Department Of Environmental Quality","UTAH LAKE 0.5 MI W OF GENEVA DISCHARGE #15-A","Lake",40.320872844,-111.777537513,"NAD83","m",20,10,1.6,"umol/m2/s",NA,NA,NA,"Accepted","Actual","Water",NA,NA,NA,NA,NA,NA,NA,NA,NA,NA,1,2019-08-12,8
"4917310",2.5,NA,2019-06-17 11:00:00,"Light, photosynthetic active radiation at depth (PAR)",NA,"UTAHDWQ_WQX","Utah Department Of Environmental Quality","UTAH LAKE 0.5 MI W OF GENEVA DISCHARGE #15-A","Lake",40.320872844,-111.777537513,"NAD83","m",0,11,64,"umol/m2/s",NA,NA,NA,"Accepted","Actual","Water",NA,NA,NA,NA,NA,NA,NA,NA,NA,NA,1,2019-06-17,6
"4917365",0.0001,NA,2019-05-13 11:53:00,"Light, photosynthetic active radiation at depth (PAR)",NA,"UTAHDWQ_WQX","Utah Department Of Environmental Quality","Utah Lake 2 miles west of Vineyard","Lake",40.29569,-111.80282,"NAD83","m",53,11,1670,"umol/m2/s",NA,NA,NA,"Accepted","Actual","Water",NA,NA,NA,NA,NA,NA,NA,NA,NA,NA,1,2019-05-13,5
"4917365",0.0001,NA,2019-08-12 11:00:00,"Light, photosynthetic active radiation at depth (PAR)",NA,"UTAHDWQ_WQX","Utah Department Of Environmental Quality","Utah Lake 2 miles west of Vineyard","Lake",40.29569,-111.80282,"NAD83","m",0,11,1870,"umol/m2/s",NA,NA,NA,"Accepted","Actual","Water",NA,NA,NA,NA,NA,NA,NA,NA,NA,NA,1,2019-08-12,8
"4917365",0.0001,NA,2019-09-23 16:40:00,"Light, photosynthetic active radiation at depth (PAR)",NA,"UTAHDWQ_WQX","Utah Department Of Environmental Quality","Utah Lake 2 miles west of Vineyard","Lake",40.29569,-111.80282,"NAD83","m",40,16,1700,"umol/m2/s",NA,NA,NA,"Accepted","Actual","Water",NA,NA,NA,NA,NA,NA,NA,NA,NA,NA,1,2019-09-23,9
"4917365",0.1,NA,2019-06-17 11:50:00,"Light, photosynthetic active radiation at depth (PAR)",NA,"UTAHDWQ_WQX","Utah Department Of Environmental Quality","Utah Lake 2 miles west of Vineyard","Lake",40.29569,-111.80282,"NAD83","m",50,11,1445,"umol/m2/s",NA,NA,NA,"Accepted","Actual","Water",NA,NA,NA,NA,NA,NA,NA,NA,NA,NA,1,2019-06-17,6
"4917365",0.3,NA,2019-05-13 11:53:00,"Light, photosynthetic active radiation at depth (PAR)",NA,"UTAHDWQ_WQX","Utah Department Of Environmental Quality","Utah Lake 2 miles west of Vineyard","Lake",40.29569,-111.80282,"NAD83","m",53,11,1270,"umol/m2/s",NA,NA,NA,"Accepted","Actual","Water",NA,NA,NA,NA,NA,NA,NA,NA,NA,NA,1,2019-05-13,5
"4917365",0.6,NA,2019-09-23 16:40:00,"Light, photosynthetic active radiation at depth (PAR)",NA,"UTAHDWQ_WQX","Utah Department Of Environmental Quality","Utah Lake 2 miles west of Vineyard","Lake",40.29569,-111.80282,"NAD83","m",40,16,343,"umol/m2/s",NA,NA,NA,"Accepted","Actual","Water",NA,NA,NA,NA,NA,NA,NA,NA,NA,NA,1,2019-09-23,9
"4917365",0.8,NA,2019-05-13 11:53:00,"Light, photosynthetic active radiation at depth (PAR)",NA,"UTAHDWQ_WQX","Utah Department Of Environmental Quality","Utah Lake 2 miles west of Vineyard","Lake",40.29569,-111.80282,"NAD83","m",53,11,780,"umol/m2/s",NA,NA,NA,"Accepted","Actual","Water",NA,NA,NA,NA,NA,NA,NA,NA,NA,NA,1,2019-05-13,5
"4917365",0.8,NA,2019-08-12 11:00:00,"Light, photosynthetic active radiation at depth (PAR)",NA,"UTAHDWQ_WQX","Utah Department Of Environmental Quality","Utah Lake 2 miles west of Vineyard","Lake",40.29569,-111.80282,"NAD83","m",0,11,552,"umol/m2/s",NA,NA,NA,"Accepted","Actual","Water",NA,NA,NA,NA,NA,NA,NA,NA,NA,NA,1,2019-08-12,8
"4917365",0.9,NA,2019-06-17 11:50:00,"Light, photosynthetic active radiation at depth (PAR)",NA,"UTAHDWQ_WQX","Utah Department Of Environmental Quality","Utah Lake 2 miles west of Vineyard","Lake",40.29569,-111.80282,"NAD83","m",50,11,780,"umol/m2/s",NA,NA,NA,"Accepted","Actual","Water",NA,NA,NA,NA,NA,NA,NA,NA,NA,NA,1,2019-06-17,6
"4917365",1.1,NA,2019-09-23 16:40:00,"Light, photosynthetic active radiation at depth (PAR)",NA,"UTAHDWQ_WQX","Utah Department Of Environmental Quality","Utah Lake 2 miles west of Vineyard","Lake",40.29569,-111.80282,"NAD83","m",40,16,85,"umol/m2/s",NA,NA,NA,"Accepted","Actual","Water",NA,NA,NA,NA,NA,NA,NA,NA,NA,NA,1,2019-09-23,9
"4917365",1.2,NA,2019-08-12 11:00:00,"Light, photosynthetic active radiation at depth (PAR)",NA,"UTAHDWQ_WQX","Utah Department Of Environmental Quality","Utah Lake 2 miles west of Vineyard","Lake",40.29569,-111.80282,"NAD83","m",0,11,200,"umol/m2/s",NA,NA,NA,"Accepted","Actual","Water",NA,NA,NA,NA,NA,NA,NA,NA,NA,NA,1,2019-08-12,8
"4917365",1.4,NA,2019-05-13 11:53:00,"Light, photosynthetic active radiation at depth (PAR)",NA,"UTAHDWQ_WQX","Utah Department Of Environmental Quality","Utah Lake 2 miles west of Vineyard","Lake",40.29569,-111.80282,"NAD83","m",53,11,265,"umol/m2/s",NA,NA,NA,"Accepted","Actual","Water",NA,NA,NA,NA,NA,NA,NA,NA,NA,NA,1,2019-05-13,5
"4917365",1.4,NA,2019-06-17 11:50:00,"Light, photosynthetic active radiation at depth (PAR)",NA,"UTAHDWQ_WQX","Utah Department Of Environmental Quality","Utah Lake 2 miles west of Vineyard","Lake",40.29569,-111.80282,"NAD83","m",50,11,390,"umol/m2/s",NA,NA,NA,"Accepted","Actual","Water",NA,NA,NA,NA,NA,NA,NA,NA,NA,NA,1,2019-06-17,6
"4917365",1.6,NA,2019-09-23 16:40:00,"Light, photosynthetic active radiation at depth (PAR)",NA,"UTAHDWQ_WQX","Utah Department Of Environmental Quality","Utah Lake 2 miles west of Vineyard","Lake",40.29569,-111.80282,"NAD83","m",40,16,40,"umol/m2/s",NA,NA,NA,"Accepted","Actual","Water",NA,NA,NA,NA,NA,NA,NA,NA,NA,NA,1,2019-09-23,9
"4917365",1.8,NA,2019-08-12 11:00:00,"Light, photosynthetic active radiation at depth (PAR)",NA,"UTAHDWQ_WQX","Utah Department Of Environmental Quality","Utah Lake 2 miles west of Vineyard","Lake",40.29569,-111.80282,"NAD83","m",0,11,27,"umol/m2/s",NA,NA,NA,"Accepted","Actual","Water",NA,NA,NA,NA,NA,NA,NA,NA,NA,NA,1,2019-08-12,8
"4917365",2.1,NA,2019-05-13 11:53:00,"Light, photosynthetic active radiation at depth (PAR)",NA,"UTAHDWQ_WQX","Utah Department Of Environmental Quality","Utah Lake 2 miles west of Vineyard","Lake",40.29569,-111.80282,"NAD83","m",53,11,85,"umol/m2/s",NA,NA,NA,"Accepted","Actual","Water",NA,NA,NA,NA,NA,NA,NA,NA,NA,NA,1,2019-05-13,5
"4917365",2.1,NA,2019-06-17 11:50:00,"Light, photosynthetic active radiation at depth (PAR)",NA,"UTAHDWQ_WQX","Utah Department Of Environmental Quality","Utah Lake 2 miles west of Vineyard","Lake",40.29569,-111.80282,"NAD83","m",50,11,188,"umol/m2/s",NA,NA,NA,"Accepted","Actual","Water",NA,NA,NA,NA,NA,NA,NA,NA,NA,NA,1,2019-06-17,6
"4917365",2.4,NA,2019-06-17 11:50:00,"Light, photosynthetic active radiation at depth (PAR)",NA,"UTAHDWQ_WQX","Utah Department Of Environmental Quality","Utah Lake 2 miles west of Vineyard","Lake",40.29569,-111.80282,"NAD83","m",50,11,74,"umol/m2/s",NA,NA,NA,"Accepted","Actual","Water",NA,NA,NA,NA,NA,NA,NA,NA,NA,NA,1,2019-06-17,6
"4917365",2.4,NA,2019-08-12 11:00:00,"Light, photosynthetic active radiation at depth (PAR)",NA,"UTAHDWQ_WQX","Utah Department Of Environmental Quality","Utah Lake 2 miles west of Vineyard","Lake",40.29569,-111.80282,"NAD83","m",0,11,4.9,"umol/m2/s",NA,NA,NA,"Accepted","Actual","Water",NA,NA,NA,NA,NA,NA,NA,NA,NA,NA,1,2019-08-12,8
"4917365",2.4,NA,2019-09-23 16:40:00,"Light, photosynthetic active radiation at depth (PAR)",NA,"UTAHDWQ_WQX","Utah Department Of Environmental Quality","Utah Lake 2 miles west of Vineyard","Lake",40.29569,-111.80282,"NAD83","m",40,16,5,"umol/m2/s",NA,NA,NA,"Accepted","Actual","Water",NA,NA,NA,NA,NA,NA,NA,NA,NA,NA,1,2019-09-23,9
"4917365",2.5,NA,2019-05-13 11:53:00,"Light, photosynthetic active radiation at depth (PAR)",NA,"UTAHDWQ_WQX","Utah Department Of Environmental Quality","Utah Lake 2 miles west of Vineyard","Lake",40.29569,-111.80282,"NAD83","m",53,11,46.2,"umol/m2/s",NA,NA,NA,"Accepted","Actual","Water",NA,NA,NA,NA,NA,NA,NA,NA,NA,NA,1,2019-05-13,5
"4917365",2.8,NA,2019-06-17 11:50:00,"Light, photosynthetic active radiation at depth (PAR)",NA,"UTAHDWQ_WQX","Utah Department Of Environmental Quality","Utah Lake 2 miles west of Vineyard","Lake",40.29569,-111.80282,"NAD83","m",50,11,35,"umol/m2/s",NA,NA,NA,"Accepted","Actual","Water",NA,NA,NA,NA,NA,NA,NA,NA,NA,NA,1,2019-06-17,6
"4917365",3.2,NA,2019-08-12 11:00:00,"Light, photosynthetic active radiation at depth (PAR)",NA,"UTAHDWQ_WQX","Utah Department Of Environmental Quality","Utah Lake 2 miles west of Vineyard","Lake",40.29569,-111.80282,"NAD83","m",0,11,1,"umol/m2/s",NA,NA,NA,"Accepted","Actual","Water",NA,NA,NA,NA,NA,NA,NA,NA,NA,NA,1,2019-08-12,8
"4917370",0.0001,NA,2019-08-12 17:13:09,"Light, photosynthetic active radiation at depth (PAR)",NA,"UTAHDWQ_WQX","Utah Department Of Environmental Quality","UTAH LAKE 1 MI EAST OF PELICAN POINT","Lake",40.26828256,-111.82993044,"NAD83","m",13,17,1275,"umol/m2/s",NA,NA,NA,"Accepted","Actual","Water",NA,NA,NA,NA,NA,NA,NA,NA,NA,NA,1,2019-08-12,8
"4917370",0.0001,NA,2019-09-23 14:50:00,"Light, photosynthetic active radiation at depth (PAR)",NA,"UTAHDWQ_WQX","Utah Department Of Environmental Quality","UTAH LAKE 1 MI EAST OF PELICAN POINT","Lake",40.26828256,-111.82993044,"NAD83","m",50,14,1550,"umol/m2/s",NA,NA,NA,"Accepted","Actual","Water",NA,NA,NA,NA,NA,NA,NA,NA,NA,NA,1,2019-09-23,9
"4917370",0.2,NA,2019-06-18 14:00:00,"Light, photosynthetic active radiation at depth (PAR)",NA,"UTAHDWQ_WQX","Utah Department Of Environmental Quality","UTAH LAKE 1 MI EAST OF PELICAN POINT","Lake",40.26828256,-111.82993044,"NAD83","m",0,14,1797,"umol/m2/s",NA,NA,NA,"Accepted","Actual","Water",NA,NA,NA,NA,NA,NA,NA,NA,NA,NA,1,2019-06-18,6
"4917370",0.4,NA,2019-08-12 17:13:09,"Light, photosynthetic active radiation at depth (PAR)",NA,"UTAHDWQ_WQX","Utah Department Of Environmental Quality","UTAH LAKE 1 MI EAST OF PELICAN POINT","Lake",40.26828256,-111.82993044,"NAD83","m",13,17,760,"umol/m2/s",NA,NA,NA,"Accepted","Actual","Water",NA,NA,NA,NA,NA,NA,NA,NA,NA,NA,1,2019-08-12,8
"4917370",0.4,NA,2019-09-23 14:50:00,"Light, photosynthetic active radiation at depth (PAR)",NA,"UTAHDWQ_WQX","Utah Department Of Environmental Quality","UTAH LAKE 1 MI EAST OF PELICAN POINT","Lake",40.26828256,-111.82993044,"NAD83","m",50,14,850,"umol/m2/s",NA,NA,NA,"Accepted","Actual","Water",NA,NA,NA,NA,NA,NA,NA,NA,NA,NA,1,2019-09-23,9
"4917370",0.6,NA,2019-06-18 14:00:00,"Light, photosynthetic active radiation at depth (PAR)",NA,"UTAHDWQ_WQX","Utah Department Of Environmental Quality","UTAH LAKE 1 MI EAST OF PELICAN POINT","Lake",40.26828256,-111.82993044,"NAD83","m",0,14,1035,"umol/m2/s",NA,NA,NA,"Accepted","Actual","Water",NA,NA,NA,NA,NA,NA,NA,NA,NA,NA,1,2019-06-18,6
"4917370",0.8,NA,2019-08-12 17:13:09,"Light, photosynthetic active radiation at depth (PAR)",NA,"UTAHDWQ_WQX","Utah Department Of Environmental Quality","UTAH LAKE 1 MI EAST OF PELICAN POINT","Lake",40.26828256,-111.82993044,"NAD83","m",13,17,420,"umol/m2/s",NA,NA,NA,"Accepted","Actual","Water",NA,NA,NA,NA,NA,NA,NA,NA,NA,NA,1,2019-08-12,8
"4917370",0.8,NA,2019-09-23 14:50:00,"Light, photosynthetic active radiation at depth (PAR)",NA,"UTAHDWQ_WQX","Utah Department Of Environmental Quality","UTAH LAKE 1 MI EAST OF PELICAN POINT","Lake",40.26828256,-111.82993044,"NAD83","m",50,14,300,"umol/m2/s",NA,NA,NA,"Accepted","Actual","Water",NA,NA,NA,NA,NA,NA,NA,NA,NA,NA,1,2019-09-23,9
"4917370",1,NA,2019-06-18 14:00:00,"Light, photosynthetic active radiation at depth (PAR)",NA,"UTAHDWQ_WQX","Utah Department Of Environmental Quality","UTAH LAKE 1 MI EAST OF PELICAN POINT","Lake",40.26828256,-111.82993044,"NAD83","m",0,14,420,"umol/m2/s",NA,NA,NA,"Accepted","Actual","Water",NA,NA,NA,NA,NA,NA,NA,NA,NA,NA,1,2019-06-18,6
"4917370",1.2,NA,2019-08-12 17:13:09,"Light, photosynthetic active radiation at depth (PAR)",NA,"UTAHDWQ_WQX","Utah Department Of Environmental Quality","UTAH LAKE 1 MI EAST OF PELICAN POINT","Lake",40.26828256,-111.82993044,"NAD83","m",13,17,260,"umol/m2/s",NA,NA,NA,"Accepted","Actual","Water",NA,NA,NA,NA,NA,NA,NA,NA,NA,NA,1,2019-08-12,8
"4917370",1.3,NA,2019-09-23 14:50:00,"Light, photosynthetic active radiation at depth (PAR)",NA,"UTAHDWQ_WQX","Utah Department Of Environmental Quality","UTAH LAKE 1 MI EAST OF PELICAN POINT","Lake",40.26828256,-111.82993044,"NAD83","m",50,14,100,"umol/m2/s",NA,NA,NA,"Accepted","Actual","Water",NA,NA,NA,NA,NA,NA,NA,NA,NA,NA,1,2019-09-23,9
"4917370",1.4,NA,2019-06-18 14:00:00,"Light, photosynthetic active radiation at depth (PAR)",NA,"UTAHDWQ_WQX","Utah Department Of Environmental Quality","UTAH LAKE 1 MI EAST OF PELICAN POINT","Lake",40.26828256,-111.82993044,"NAD83","m",0,14,236,"umol/m2/s",NA,NA,NA,"Accepted","Actual","Water",NA,NA,NA,NA,NA,NA,NA,NA,NA,NA,1,2019-06-18,6
"4917370",1.6,NA,2019-08-12 17:13:09,"Light, photosynthetic active radiation at depth (PAR)",NA,"UTAHDWQ_WQX","Utah Department Of Environmental Quality","UTAH LAKE 1 MI EAST OF PELICAN POINT","Lake",40.26828256,-111.82993044,"NAD83","m",13,17,120,"umol/m2/s",NA,NA,NA,"Accepted","Actual","Water",NA,NA,NA,NA,NA,NA,NA,NA,NA,NA,1,2019-08-12,8
"4917370",1.8,NA,2019-06-18 14:00:00,"Light, photosynthetic active radiation at depth (PAR)",NA,"UTAHDWQ_WQX","Utah Department Of Environmental Quality","UTAH LAKE 1 MI EAST OF PELICAN POINT","Lake",40.26828256,-111.82993044,"NAD83","m",0,14,134,"umol/m2/s",NA,NA,NA,"Accepted","Actual","Water",NA,NA,NA,NA,NA,NA,NA,NA,NA,NA,1,2019-06-18,6
"4917370",1.8,NA,2019-09-23 14:50:00,"Light, photosynthetic active radiation at depth (PAR)",NA,"UTAHDWQ_WQX","Utah Department Of Environmental Quality","UTAH LAKE 1 MI EAST OF PELICAN POINT","Lake",40.26828256,-111.82993044,"NAD83","m",50,14,22,"umol/m2/s",NA,NA,NA,"Accepted","Actual","Water",NA,NA,NA,NA,NA,NA,NA,NA,NA,NA,1,2019-09-23,9
"4917370",2,NA,2019-08-12 17:13:09,"Light, photosynthetic active radiation at depth (PAR)",NA,"UTAHDWQ_WQX","Utah Department Of Environmental Quality","UTAH LAKE 1 MI EAST OF PELICAN POINT","Lake",40.26828256,-111.82993044,"NAD83","m",13,17,36,"umol/m2/s",NA,NA,NA,"Accepted","Actual","Water",NA,NA,NA,NA,NA,NA,NA,NA,NA,NA,1,2019-08-12,8
"4917370",2,NA,2019-09-23 14:50:00,"Light, photosynthetic active radiation at depth (PAR)",NA,"UTAHDWQ_WQX","Utah Department Of Environmental Quality","UTAH LAKE 1 MI EAST OF PELICAN POINT","Lake",40.26828256,-111.82993044,"NAD83","m",50,14,7,"umol/m2/s",NA,NA,NA,"Accepted","Actual","Water",NA,NA,NA,NA,NA,NA,NA,NA,NA,NA,1,2019-09-23,9
"4917370",2.2,NA,2019-06-18 14:00:00,"Light, photosynthetic active radiation at depth (PAR)",NA,"UTAHDWQ_WQX","Utah Department Of Environmental Quality","UTAH LAKE 1 MI EAST OF PELICAN POINT","Lake",40.26828256,-111.82993044,"NAD83","m",0,14,23,"umol/m2/s",NA,NA,NA,"Accepted","Actual","Water",NA,NA,NA,NA,NA,NA,NA,NA,NA,NA,1,2019-06-18,6
"4917370",2.4,NA,2019-08-12 17:13:09,"Light, photosynthetic active radiation at depth (PAR)",NA,"UTAHDWQ_WQX","Utah Department Of Environmental Quality","UTAH LAKE 1 MI EAST OF PELICAN POINT","Lake",40.26828256,-111.82993044,"NAD83","m",13,17,13,"umol/m2/s",NA,NA,NA,"Accepted","Actual","Water",NA,NA,NA,NA,NA,NA,NA,NA,NA,NA,1,2019-08-12,8
"4917370",2.4,NA,2019-09-23 14:50:00,"Light, photosynthetic active radiation at depth (PAR)",NA,"UTAHDWQ_WQX","Utah Department Of Environmental Quality","UTAH LAKE 1 MI EAST OF PELICAN POINT","Lake",40.26828256,-111.82993044,"NAD83","m",50,14,1,"umol/m2/s",NA,NA,NA,"Accepted","Actual","Water",NA,NA,NA,NA,NA,NA,NA,NA,NA,NA,1,2019-09-23,9
"4917370",2.6,NA,2019-06-18 14:00:00,"Light, photosynthetic active radiation at depth (PAR)",NA,"UTAHDWQ_WQX","Utah Department Of Environmental Quality","UTAH LAKE 1 MI EAST OF PELICAN POINT","Lake",40.26828256,-111.82993044,"NAD83","m",0,14,9.2,"umol/m2/s",NA,NA,NA,"Accepted","Actual","Water",NA,NA,NA,NA,NA,NA,NA,NA,NA,NA,1,2019-06-18,6
"4917370",2.8,NA,2019-08-12 17:13:09,"Light, photosynthetic active radiation at depth (PAR)",NA,"UTAHDWQ_WQX","Utah Department Of Environmental Quality","UTAH LAKE 1 MI EAST OF PELICAN POINT","Lake",40.26828256,-111.82993044,"NAD83","m",13,17,3.5,"umol/m2/s",NA,NA,NA,"Accepted","Actual","Water",NA,NA,NA,NA,NA,NA,NA,NA,NA,NA,1,2019-08-12,8
"4917370",3,NA,2019-06-18 14:00:00,"Light, photosynthetic active radiation at depth (PAR)",NA,"UTAHDWQ_WQX","Utah Department Of Environmental Quality","UTAH LAKE 1 MI EAST OF PELICAN POINT","Lake",40.26828256,-111.82993044,"NAD83","m",0,14,1.9,"umol/m2/s",NA,NA,NA,"Accepted","Actual","Water",NA,NA,NA,NA,NA,NA,NA,NA,NA,NA,1,2019-06-18,6
"4917370",3.2,NA,2019-08-12 17:13:09,"Light, photosynthetic active radiation at depth (PAR)",NA,"UTAHDWQ_WQX","Utah Department Of Environmental Quality","UTAH LAKE 1 MI EAST OF PELICAN POINT","Lake",40.26828256,-111.82993044,"NAD83","m",13,17,1.9,"umol/m2/s",NA,NA,NA,"Accepted","Actual","Water",NA,NA,NA,NA,NA,NA,NA,NA,NA,NA,1,2019-08-12,8
"4917390",0.0001,NA,2019-05-13 12:35:00,"Light, photosynthetic active radiation at depth (PAR)",NA,"UTAHDWQ_WQX","Utah Department Of Environmental Quality","UTAH LAKE 1 MI WEST OF PROVO BOAT HARBOR","Lake",40.23717289,-111.76464718,"NAD83","m",35,12,1500,"umol/m2/s",NA,NA,NA,"Accepted","Actual","Water",NA,NA,NA,NA,NA,NA,NA,NA,NA,NA,1,2019-05-13,5
"4917390",0.0001,NA,2019-08-12 12:04:07,"Light, photosynthetic active radiation at depth (PAR)",NA,"UTAHDWQ_WQX","Utah Department Of Environmental Quality","UTAH LAKE 1 MI WEST OF PROVO BOAT HARBOR","Lake",40.23717289,-111.76464718,"NAD83","m",4,12,1420,"umol/m2/s",NA,NA,NA,"Accepted","Actual","Water",NA,NA,NA,NA,NA,NA,NA,NA,NA,NA,1,2019-08-12,8
"4917390",0.0001,NA,2019-09-23 17:35:00,"Light, photosynthetic active radiation at depth (PAR)",NA,"UTAHDWQ_WQX","Utah Department Of Environmental Quality","UTAH LAKE 1 MI WEST OF PROVO BOAT HARBOR","Lake",40.23717289,-111.76464718,"NAD83","m",35,17,580,"umol/m2/s",NA,NA,NA,"Accepted","Actual","Water",NA,NA,NA,NA,NA,NA,NA,NA,NA,NA,1,2019-09-23,9
"4917390",0.2,NA,2019-06-17 13:05:00,"Light, photosynthetic active radiation at depth (PAR)",NA,"UTAHDWQ_WQX","Utah Department Of Environmental Quality","UTAH LAKE 1 MI WEST OF PROVO BOAT HARBOR","Lake",40.23717289,-111.76464718,"NAD83","m",5,13,1283,"umol/m2/s",NA,NA,NA,"Accepted","Actual","Water",NA,NA,NA,NA,NA,NA,NA,NA,NA,NA,1,2019-06-17,6
"4917390",0.2,NA,2019-07-08 12:24:37,"Light, photosynthetic active radiation at depth (PAR)",NA,"UTAHDWQ_WQX","Utah Department Of Environmental Quality","UTAH LAKE 1 MI WEST OF PROVO BOAT HARBOR","Lake",40.23717289,-111.76464718,"NAD83","m",24,12,1950,"umol/m2/s",NA,NA,NA,"Accepted","Actual","Water",NA,NA,NA,NA,NA,NA,NA,NA,NA,NA,1,2019-07-08,7
"4917390",0.4,NA,2019-09-23 17:35:00,"Light, photosynthetic active radiation at depth (PAR)",NA,"UTAHDWQ_WQX","Utah Department Of Environmental Quality","UTAH LAKE 1 MI WEST OF PROVO BOAT HARBOR","Lake",40.23717289,-111.76464718,"NAD83","m",35,17,307,"umol/m2/s",NA,NA,NA,"Accepted","Actual","Water",NA,NA,NA,NA,NA,NA,NA,NA,NA,NA,1,2019-09-23,9
"4917390",0.7,NA,2019-05-13 12:35:00,"Light, photosynthetic active radiation at depth (PAR)",NA,"UTAHDWQ_WQX","Utah Department Of Environmental Quality","UTAH LAKE 1 MI WEST OF PROVO BOAT HARBOR","Lake",40.23717289,-111.76464718,"NAD83","m",35,12,960,"umol/m2/s",NA,NA,NA,"Accepted","Actual","Water",NA,NA,NA,NA,NA,NA,NA,NA,NA,NA,1,2019-05-13,5
"4917390",0.7,NA,2019-06-17 13:05:00,"Light, photosynthetic active radiation at depth (PAR)",NA,"UTAHDWQ_WQX","Utah Department Of Environmental Quality","UTAH LAKE 1 MI WEST OF PROVO BOAT HARBOR","Lake",40.23717289,-111.76464718,"NAD83","m",5,13,977,"umol/m2/s",NA,NA,NA,"Accepted","Actual","Water",NA,NA,NA,NA,NA,NA,NA,NA,NA,NA,1,2019-06-17,6
"4917390",0.8,NA,2019-07-08 12:24:37,"Light, photosynthetic active radiation at depth (PAR)",NA,"UTAHDWQ_WQX","Utah Department Of Environmental Quality","UTAH LAKE 1 MI WEST OF PROVO BOAT HARBOR","Lake",40.23717289,-111.76464718,"NAD83","m",24,12,503,"umol/m2/s",NA,NA,NA,"Accepted","Actual","Water",NA,NA,NA,NA,NA,NA,NA,NA,NA,NA,1,2019-07-08,7
"4917390",0.8,NA,2019-08-12 12:04:07,"Light, photosynthetic active radiation at depth (PAR)",NA,"UTAHDWQ_WQX","Utah Department Of Environmental Quality","UTAH LAKE 1 MI WEST OF PROVO BOAT HARBOR","Lake",40.23717289,-111.76464718,"NAD83","m",4,12,360,"umol/m2/s",NA,NA,NA,"Accepted","Actual","Water",NA,NA,NA,NA,NA,NA,NA,NA,NA,NA,1,2019-08-12,8
"4917390",0.8,NA,2019-09-23 17:35:00,"Light, photosynthetic active radiation at depth (PAR)",NA,"UTAHDWQ_WQX","Utah Department Of Environmental Quality","UTAH LAKE 1 MI WEST OF PROVO BOAT HARBOR","Lake",40.23717289,-111.76464718,"NAD83","m",35,17,81,"umol/m2/s",NA,NA,NA,"Accepted","Actual","Water",NA,NA,NA,NA,NA,NA,NA,NA,NA,NA,1,2019-09-23,9
"4917390",1.1,NA,2019-06-17 13:05:00,"Light, photosynthetic active radiation at depth (PAR)",NA,"UTAHDWQ_WQX","Utah Department Of Environmental Quality","UTAH LAKE 1 MI WEST OF PROVO BOAT HARBOR","Lake",40.23717289,-111.76464718,"NAD83","m",5,13,430,"umol/m2/s",NA,NA,NA,"Accepted","Actual","Water",NA,NA,NA,NA,NA,NA,NA,NA,NA,NA,1,2019-06-17,6
"4917390",1.2,NA,2019-07-08 12:24:37,"Light, photosynthetic active radiation at depth (PAR)",NA,"UTAHDWQ_WQX","Utah Department Of Environmental Quality","UTAH LAKE 1 MI WEST OF PROVO BOAT HARBOR","Lake",40.23717289,-111.76464718,"NAD83","m",24,12,215,"umol/m2/s",NA,NA,NA,"Accepted","Actual","Water",NA,NA,NA,NA,NA,NA,NA,NA,NA,NA,1,2019-07-08,7
"4917390",1.2,NA,2019-08-12 12:04:07,"Light, photosynthetic active radiation at depth (PAR)",NA,"UTAHDWQ_WQX","Utah Department Of Environmental Quality","UTAH LAKE 1 MI WEST OF PROVO BOAT HARBOR","Lake",40.23717289,-111.76464718,"NAD83","m",4,12,60,"umol/m2/s",NA,NA,NA,"Accepted","Actual","Water",NA,NA,NA,NA,NA,NA,NA,NA,NA,NA,1,2019-08-12,8
"4917390",1.4,NA,2019-05-13 12:35:00,"Light, photosynthetic active radiation at depth (PAR)",NA,"UTAHDWQ_WQX","Utah Department Of Environmental Quality","UTAH LAKE 1 MI WEST OF PROVO BOAT HARBOR","Lake",40.23717289,-111.76464718,"NAD83","m",35,12,460,"umol/m2/s",NA,NA,NA,"Accepted","Actual","Water",NA,NA,NA,NA,NA,NA,NA,NA,NA,NA,1,2019-05-13,5
"4917390",1.4,NA,2019-09-23 17:35:00,"Light, photosynthetic active radiation at depth (PAR)",NA,"UTAHDWQ_WQX","Utah Department Of Environmental Quality","UTAH LAKE 1 MI WEST OF PROVO BOAT HARBOR","Lake",40.23717289,-111.76464718,"NAD83","m",35,17,31,"umol/m2/s",NA,NA,NA,"Accepted","Actual","Water",NA,NA,NA,NA,NA,NA,NA,NA,NA,NA,1,2019-09-23,9
"4917390",1.7,NA,2019-07-08 12:24:37,"Light, photosynthetic active radiation at depth (PAR)",NA,"UTAHDWQ_WQX","Utah Department Of Environmental Quality","UTAH LAKE 1 MI WEST OF PROVO BOAT HARBOR","Lake",40.23717289,-111.76464718,"NAD83","m",24,12,92,"umol/m2/s",NA,NA,NA,"Accepted","Actual","Water",NA,NA,NA,NA,NA,NA,NA,NA,NA,NA,1,2019-07-08,7
"4917390",1.8,NA,2019-06-17 13:05:00,"Light, photosynthetic active radiation at depth (PAR)",NA,"UTAHDWQ_WQX","Utah Department Of Environmental Quality","UTAH LAKE 1 MI WEST OF PROVO BOAT HARBOR","Lake",40.23717289,-111.76464718,"NAD83","m",5,13,296,"umol/m2/s",NA,NA,NA,"Accepted","Actual","Water",NA,NA,NA,NA,NA,NA,NA,NA,NA,NA,1,2019-06-17,6
"4917390",1.8,NA,2019-08-12 12:04:07,"Light, photosynthetic active radiation at depth (PAR)",NA,"UTAHDWQ_WQX","Utah Department Of Environmental Quality","UTAH LAKE 1 MI WEST OF PROVO BOAT HARBOR","Lake",40.23717289,-111.76464718,"NAD83","m",4,12,6,"umol/m2/s",NA,NA,NA,"Accepted","Actual","Water",NA,NA,NA,NA,NA,NA,NA,NA,NA,NA,1,2019-08-12,8
"4917390",1.8,NA,2019-09-23 17:35:00,"Light, photosynthetic active radiation at depth (PAR)",NA,"UTAHDWQ_WQX","Utah Department Of Environmental Quality","UTAH LAKE 1 MI WEST OF PROVO BOAT HARBOR","Lake",40.23717289,-111.76464718,"NAD83","m",35,17,8,"umol/m2/s",NA,NA,NA,"Accepted","Actual","Water",NA,NA,NA,NA,NA,NA,NA,NA,NA,NA,1,2019-09-23,9
"4917390",2,NA,2019-05-13 12:35:00,"Light, photosynthetic active radiation at depth (PAR)",NA,"UTAHDWQ_WQX","Utah Department Of Environmental Quality","UTAH LAKE 1 MI WEST OF PROVO BOAT HARBOR","Lake",40.23717289,-111.76464718,"NAD83","m",35,12,225,"umol/m2/s",NA,NA,NA,"Accepted","Actual","Water",NA,NA,NA,NA,NA,NA,NA,NA,NA,NA,1,2019-05-13,5
"4917390",2.1,NA,2019-07-08 12:24:37,"Light, photosynthetic active radiation at depth (PAR)",NA,"UTAHDWQ_WQX","Utah Department Of Environmental Quality","UTAH LAKE 1 MI WEST OF PROVO BOAT HARBOR","Lake",40.23717289,-111.76464718,"NAD83","m",24,12,30,"umol/m2/s",NA,NA,NA,"Accepted","Actual","Water",NA,NA,NA,NA,NA,NA,NA,NA,NA,NA,1,2019-07-08,7
"4917390",2.4,NA,2019-08-12 12:04:07,"Light, photosynthetic active radiation at depth (PAR)",NA,"UTAHDWQ_WQX","Utah Department Of Environmental Quality","UTAH LAKE 1 MI WEST OF PROVO BOAT HARBOR","Lake",40.23717289,-111.76464718,"NAD83","m",4,12,1,"umol/m2/s",NA,NA,NA,"Accepted","Actual","Water",NA,NA,NA,NA,NA,NA,NA,NA,NA,NA,1,2019-08-12,8
"4917390",2.4,NA,2019-09-23 17:35:00,"Light, photosynthetic active radiation at depth (PAR)",NA,"UTAHDWQ_WQX","Utah Department Of Environmental Quality","UTAH LAKE 1 MI WEST OF PROVO BOAT HARBOR","Lake",40.23717289,-111.76464718,"NAD83","m",35,17,1.9,"umol/m2/s",NA,NA,NA,"Accepted","Actual","Water",NA,NA,NA,NA,NA,NA,NA,NA,NA,NA,1,2019-09-23,9
"4917390",2.7,NA,2019-05-13 12:35:00,"Light, photosynthetic active radiation at depth (PAR)",NA,"UTAHDWQ_WQX","Utah Department Of Environmental Quality","UTAH LAKE 1 MI WEST OF PROVO BOAT HARBOR","Lake",40.23717289,-111.76464718,"NAD83","m",35,12,105,"umol/m2/s",NA,NA,NA,"Accepted","Actual","Water",NA,NA,NA,NA,NA,NA,NA,NA,NA,NA,1,2019-05-13,5
"4917390",2.7,NA,2019-06-17 13:05:00,"Light, photosynthetic active radiation at depth (PAR)",NA,"UTAHDWQ_WQX","Utah Department Of Environmental Quality","UTAH LAKE 1 MI WEST OF PROVO BOAT HARBOR","Lake",40.23717289,-111.76464718,"NAD83","m",5,13,152,"umol/m2/s",NA,NA,NA,"Accepted","Actual","Water",NA,NA,NA,NA,NA,NA,NA,NA,NA,NA,1,2019-06-17,6
"4917390",2.7,NA,2019-07-08 12:24:37,"Light, photosynthetic active radiation at depth (PAR)",NA,"UTAHDWQ_WQX","Utah Department Of Environmental Quality","UTAH LAKE 1 MI WEST OF PROVO BOAT HARBOR","Lake",40.23717289,-111.76464718,"NAD83","m",24,12,9.5,"umol/m2/s",NA,NA,NA,"Accepted","Actual","Water",NA,NA,NA,NA,NA,NA,NA,NA,NA,NA,1,2019-07-08,7
"4917390",3,NA,2019-05-13 12:35:00,"Light, photosynthetic active radiation at depth (PAR)",NA,"UTAHDWQ_WQX","Utah Department Of Environmental Quality","UTAH LAKE 1 MI WEST OF PROVO BOAT HARBOR","Lake",40.23717289,-111.76464718,"NAD83","m",35,12,42,"umol/m2/s",NA,NA,NA,"Accepted","Actual","Water",NA,NA,NA,NA,NA,NA,NA,NA,NA,NA,1,2019-05-13,5
"4917390",3,NA,2019-07-08 12:24:37,"Light, photosynthetic active radiation at depth (PAR)",NA,"UTAHDWQ_WQX","Utah Department Of Environmental Quality","UTAH LAKE 1 MI WEST OF PROVO BOAT HARBOR","Lake",40.23717289,-111.76464718,"NAD83","m",24,12,4.5,"umol/m2/s",NA,NA,NA,"Accepted","Actual","Water",NA,NA,NA,NA,NA,NA,NA,NA,NA,NA,1,2019-07-08,7
"4917390",3.2,NA,2019-08-12 12:04:07,"Light, photosynthetic active radiation at depth (PAR)",NA,"UTAHDWQ_WQX","Utah Department Of Environmental Quality","UTAH LAKE 1 MI WEST OF PROVO BOAT HARBOR","Lake",40.23717289,-111.76464718,"NAD83","m",4,12,0.1,"umol/m2/s",NA,NA,NA,"Accepted","Actual","Water",NA,NA,NA,NA,NA,NA,NA,NA,NA,NA,1,2019-08-12,8
"4917390",3.3,NA,2019-06-17 13:05:00,"Light, photosynthetic active radiation at depth (PAR)",NA,"UTAHDWQ_WQX","Utah Department Of Environmental Quality","UTAH LAKE 1 MI WEST OF PROVO BOAT HARBOR","Lake",40.23717289,-111.76464718,"NAD83","m",5,13,53,"umol/m2/s",NA,NA,NA,"Accepted","Actual","Water",NA,NA,NA,NA,NA,NA,NA,NA,NA,NA,1,2019-06-17,6
"4917390",3.4,NA,2019-07-08 12:24:37,"Light, photosynthetic active radiation at depth (PAR)",NA,"UTAHDWQ_WQX","Utah Department Of Environmental Quality","UTAH LAKE 1 MI WEST OF PROVO BOAT HARBOR","Lake",40.23717289,-111.76464718,"NAD83","m",24,12,1.5,"umol/m2/s",NA,NA,NA,"Accepted","Actual","Water",NA,NA,NA,NA,NA,NA,NA,NA,NA,NA,1,2019-07-08,7
"4917390",3.5,NA,2019-06-17 13:05:00,"Light, photosynthetic active radiation at depth (PAR)",NA,"UTAHDWQ_WQX","Utah Department Of Environmental Quality","UTAH LAKE 1 MI WEST OF PROVO BOAT HARBOR","Lake",40.23717289,-111.76464718,"NAD83","m",5,13,21,"umol/m2/s",NA,NA,NA,"Accepted","Actual","Water",NA,NA,NA,NA,NA,NA,NA,NA,NA,NA,1,2019-06-17,6
"4917450",0.0001,NA,2019-08-12 13:10:00,"Light, photosynthetic active radiation at depth (PAR)",NA,"UTAHDWQ_WQX","Utah Department Of Environmental Quality","UTAH LAKE AT MIDDLE OF PROVO BAY","Lake",40.189139068,-111.699931201,"NAD83","m",10,13,1375,"umol/m2/s",NA,NA,NA,"Accepted","Actual","Water",NA,NA,NA,NA,NA,NA,NA,NA,NA,NA,1,2019-08-12,8
"4917450",0.0001,NA,2019-09-23 11:10:00,"Light, photosynthetic active radiation at depth (PAR)",NA,"UTAHDWQ_WQX","Utah Department Of Environmental Quality","UTAH LAKE AT MIDDLE OF PROVO BAY","Lake",40.189139068,-111.699931201,"NAD83","m",10,11,932,"umol/m2/s",NA,NA,NA,"Accepted","Actual","Water",NA,NA,NA,NA,NA,NA,NA,NA,NA,NA,1,2019-09-23,9
"4917450",0.2,NA,2019-07-08 13:23:35,"Light, photosynthetic active radiation at depth (PAR)",NA,"UTAHDWQ_WQX","Utah Department Of Environmental Quality","UTAH LAKE AT MIDDLE OF PROVO BAY","Lake",40.189139068,-111.699931201,"NAD83","m",23,13,1000,"umol/m2/s",NA,NA,NA,"Accepted","Actual","Water",NA,NA,NA,NA,NA,NA,NA,NA,NA,NA,1,2019-07-08,7
"4917450",0.5,NA,2019-07-08 13:23:35,"Light, photosynthetic active radiation at depth (PAR)",NA,"UTAHDWQ_WQX","Utah Department Of Environmental Quality","UTAH LAKE AT MIDDLE OF PROVO BAY","Lake",40.189139068,-111.699931201,"NAD83","m",23,13,130,"umol/m2/s",NA,NA,NA,"Accepted","Actual","Water",NA,NA,NA,NA,NA,NA,NA,NA,NA,NA,1,2019-07-08,7
"4917450",0.7,NA,2019-09-23 11:10:00,"Light, photosynthetic active radiation at depth (PAR)",NA,"UTAHDWQ_WQX","Utah Department Of Environmental Quality","UTAH LAKE AT MIDDLE OF PROVO BAY","Lake",40.189139068,-111.699931201,"NAD83","m",10,11,32,"umol/m2/s",NA,NA,NA,"Accepted","Actual","Water",NA,NA,NA,NA,NA,NA,NA,NA,NA,NA,1,2019-09-23,9
"4917450",0.8,NA,2019-08-12 13:10:00,"Light, photosynthetic active radiation at depth (PAR)",NA,"UTAHDWQ_WQX","Utah Department Of Environmental Quality","UTAH LAKE AT MIDDLE OF PROVO BAY","Lake",40.189139068,-111.699931201,"NAD83","m",10,13,24,"umol/m2/s",NA,NA,NA,"Accepted","Actual","Water",NA,NA,NA,NA,NA,NA,NA,NA,NA,NA,1,2019-08-12,8
"4917450",1,NA,2019-07-08 13:23:35,"Light, photosynthetic active radiation at depth (PAR)",NA,"UTAHDWQ_WQX","Utah Department Of Environmental Quality","UTAH LAKE AT MIDDLE OF PROVO BAY","Lake",40.189139068,-111.699931201,"NAD83","m",23,13,9.2,"umol/m2/s",NA,NA,NA,"Accepted","Actual","Water",NA,NA,NA,NA,NA,NA,NA,NA,NA,NA,1,2019-07-08,7
"4917450",1,NA,2019-09-23 11:10:00,"Light, photosynthetic active radiation at depth (PAR)",NA,"UTAHDWQ_WQX","Utah Department Of Environmental Quality","UTAH LAKE AT MIDDLE OF PROVO BAY","Lake",40.189139068,-111.699931201,"NAD83","m",10,11,17,"umol/m2/s",NA,NA,NA,"Accepted","Actual","Water",NA,NA,NA,NA,NA,NA,NA,NA,NA,NA,1,2019-09-23,9
"4917450",1.2,NA,2019-08-12 13:10:00,"Light, photosynthetic active radiation at depth (PAR)",NA,"UTAHDWQ_WQX","Utah Department Of Environmental Quality","UTAH LAKE AT MIDDLE OF PROVO BAY","Lake",40.189139068,-111.699931201,"NAD83","m",10,13,1.1,"umol/m2/s",NA,NA,NA,"Accepted","Actual","Water",NA,NA,NA,NA,NA,NA,NA,NA,NA,NA,1,2019-08-12,8
"4917450",1.4,NA,2019-07-08 13:23:35,"Light, photosynthetic active radiation at depth (PAR)",NA,"UTAHDWQ_WQX","Utah Department Of Environmental Quality","UTAH LAKE AT MIDDLE OF PROVO BAY","Lake",40.189139068,-111.699931201,"NAD83","m",23,13,1.4,"umol/m2/s",NA,NA,NA,"Accepted","Actual","Water",NA,NA,NA,NA,NA,NA,NA,NA,NA,NA,1,2019-07-08,7
"4917450",1.8,NA,2019-07-08 13:23:35,"Light, photosynthetic active radiation at depth (PAR)",NA,"UTAHDWQ_WQX","Utah Department Of Environmental Quality","UTAH LAKE AT MIDDLE OF PROVO BAY","Lake",40.189139068,-111.699931201,"NAD83","m",23,13,0.7,"umol/m2/s",NA,NA,NA,"Accepted","Actual","Water",NA,NA,NA,NA,NA,NA,NA,NA,NA,NA,1,2019-07-08,7
"4917500",0.0001,NA,2019-08-12 16:31:36,"Light, photosynthetic active radiation at depth (PAR)",NA,"UTAHDWQ_WQX","Utah Department Of Environmental Quality","UTAH LAKE 3 MI WNW OF LINCOLN BEACH","Lake",40.169675817,-111.871605572,"NAD83","m",31,16,1350,"umol/m2/s",NA,NA,NA,"Accepted","Actual","Water",NA,NA,NA,NA,NA,NA,NA,NA,NA,NA,1,2019-08-12,8
"4917500",0.0001,NA,2019-09-23 14:08:00,"Light, photosynthetic active radiation at depth (PAR)",NA,"UTAHDWQ_WQX","Utah Department Of Environmental Quality","UTAH LAKE 3 MI WNW OF LINCOLN BEACH","Lake",40.169675817,-111.871605572,"NAD83","m",8,14,1800,"umol/m2/s",NA,NA,NA,"Accepted","Actual","Water",NA,NA,NA,NA,NA,NA,NA,NA,NA,NA,1,2019-09-23,9
"4917500",0.2,NA,2019-06-18 13:20:00,"Light, photosynthetic active radiation at depth (PAR)",NA,"UTAHDWQ_WQX","Utah Department Of Environmental Quality","UTAH LAKE 3 MI WNW OF LINCOLN BEACH","Lake",40.169675817,-111.871605572,"NAD83","m",20,13,1920,"umol/m2/s",NA,NA,NA,"Accepted","Actual","Water",NA,NA,NA,NA,NA,NA,NA,NA,NA,NA,1,2019-06-18,6
"4917500",0.2,NA,2019-07-08 16:30:00,"Light, photosynthetic active radiation at depth (PAR)",NA,"UTAHDWQ_WQX","Utah Department Of Environmental Quality","UTAH LAKE 3 MI WNW OF LINCOLN BEACH","Lake",40.169675817,-111.871605572,"NAD83","m",30,16,66,"umol/m2/s",NA,NA,NA,"Accepted","Actual","Water",NA,NA,NA,NA,NA,NA,NA,NA,NA,NA,1,2019-07-08,7
"4917500",0.4,NA,2019-08-12 16:31:36,"Light, photosynthetic active radiation at depth (PAR)",NA,"UTAHDWQ_WQX","Utah Department Of Environmental Quality","UTAH LAKE 3 MI WNW OF LINCOLN BEACH","Lake",40.169675817,-111.871605572,"NAD83","m",31,16,850,"umol/m2/s",NA,NA,NA,"Accepted","Actual","Water",NA,NA,NA,NA,NA,NA,NA,NA,NA,NA,1,2019-08-12,8
"4917500",0.4,NA,2019-09-23 14:08:00,"Light, photosynthetic active radiation at depth (PAR)",NA,"UTAHDWQ_WQX","Utah Department Of Environmental Quality","UTAH LAKE 3 MI WNW OF LINCOLN BEACH","Lake",40.169675817,-111.871605572,"NAD83","m",8,14,500,"umol/m2/s",NA,NA,NA,"Accepted","Actual","Water",NA,NA,NA,NA,NA,NA,NA,NA,NA,NA,1,2019-09-23,9
"4917500",0.6,NA,2019-06-18 13:20:00,"Light, photosynthetic active radiation at depth (PAR)",NA,"UTAHDWQ_WQX","Utah Department Of Environmental Quality","UTAH LAKE 3 MI WNW OF LINCOLN BEACH","Lake",40.169675817,-111.871605572,"NAD83","m",20,13,1130,"umol/m2/s",NA,NA,NA,"Accepted","Actual","Water",NA,NA,NA,NA,NA,NA,NA,NA,NA,NA,1,2019-06-18,6
"4917500",0.7,NA,2019-07-08 16:30:00,"Light, photosynthetic active radiation at depth (PAR)",NA,"UTAHDWQ_WQX","Utah Department Of Environmental Quality","UTAH LAKE 3 MI WNW OF LINCOLN BEACH","Lake",40.169675817,-111.871605572,"NAD83","m",30,16,39,"umol/m2/s",NA,NA,NA,"Accepted","Actual","Water",NA,NA,NA,NA,NA,NA,NA,NA,NA,NA,1,2019-07-08,7
"4917500",0.8,NA,2019-08-12 16:31:36,"Light, photosynthetic active radiation at depth (PAR)",NA,"UTAHDWQ_WQX","Utah Department Of Environmental Quality","UTAH LAKE 3 MI WNW OF LINCOLN BEACH","Lake",40.169675817,-111.871605572,"NAD83","m",31,16,300,"umol/m2/s",NA,NA,NA,"Accepted","Actual","Water",NA,NA,NA,NA,NA,NA,NA,NA,NA,NA,1,2019-08-12,8
"4917500",0.8,NA,2019-09-23 14:08:00,"Light, photosynthetic active radiation at depth (PAR)",NA,"UTAHDWQ_WQX","Utah Department Of Environmental Quality","UTAH LAKE 3 MI WNW OF LINCOLN BEACH","Lake",40.169675817,-111.871605572,"NAD83","m",8,14,220,"umol/m2/s",NA,NA,NA,"Accepted","Actual","Water",NA,NA,NA,NA,NA,NA,NA,NA,NA,NA,1,2019-09-23,9
"4917500",1,NA,2019-06-18 13:20:00,"Light, photosynthetic active radiation at depth (PAR)",NA,"UTAHDWQ_WQX","Utah Department Of Environmental Quality","UTAH LAKE 3 MI WNW OF LINCOLN BEACH","Lake",40.169675817,-111.871605572,"NAD83","m",20,13,384,"umol/m2/s",NA,NA,NA,"Accepted","Actual","Water",NA,NA,NA,NA,NA,NA,NA,NA,NA,NA,1,2019-06-18,6
"4917500",1,NA,2019-07-08 16:30:00,"Light, photosynthetic active radiation at depth (PAR)",NA,"UTAHDWQ_WQX","Utah Department Of Environmental Quality","UTAH LAKE 3 MI WNW OF LINCOLN BEACH","Lake",40.169675817,-111.871605572,"NAD83","m",30,16,15,"umol/m2/s",NA,NA,NA,"Accepted","Actual","Water",NA,NA,NA,NA,NA,NA,NA,NA,NA,NA,1,2019-07-08,7
"4917500",1.2,NA,2019-08-12 16:31:36,"Light, photosynthetic active radiation at depth (PAR)",NA,"UTAHDWQ_WQX","Utah Department Of Environmental Quality","UTAH LAKE 3 MI WNW OF LINCOLN BEACH","Lake",40.169675817,-111.871605572,"NAD83","m",31,16,100,"umol/m2/s",NA,NA,NA,"Accepted","Actual","Water",NA,NA,NA,NA,NA,NA,NA,NA,NA,NA,1,2019-08-12,8
"4917500",1.2,NA,2019-09-23 14:08:00,"Light, photosynthetic active radiation at depth (PAR)",NA,"UTAHDWQ_WQX","Utah Department Of Environmental Quality","UTAH LAKE 3 MI WNW OF LINCOLN BEACH","Lake",40.169675817,-111.871605572,"NAD83","m",8,14,82,"umol/m2/s",NA,NA,NA,"Accepted","Actual","Water",NA,NA,NA,NA,NA,NA,NA,NA,NA,NA,1,2019-09-23,9
"4917500",1.3,NA,2019-06-18 13:20:00,"Light, photosynthetic active radiation at depth (PAR)",NA,"UTAHDWQ_WQX","Utah Department Of Environmental Quality","UTAH LAKE 3 MI WNW OF LINCOLN BEACH","Lake",40.169675817,-111.871605572,"NAD83","m",20,13,230,"umol/m2/s",NA,NA,NA,"Accepted","Actual","Water",NA,NA,NA,NA,NA,NA,NA,NA,NA,NA,1,2019-06-18,6
"4917500",1.3,NA,2019-07-08 16:30:00,"Light, photosynthetic active radiation at depth (PAR)",NA,"UTAHDWQ_WQX","Utah Department Of Environmental Quality","UTAH LAKE 3 MI WNW OF LINCOLN BEACH","Lake",40.169675817,-111.871605572,"NAD83","m",30,16,9.1,"umol/m2/s",NA,NA,NA,"Accepted","Actual","Water",NA,NA,NA,NA,NA,NA,NA,NA,NA,NA,1,2019-07-08,7
"4917500",1.6,NA,2019-08-12 16:31:36,"Light, photosynthetic active radiation at depth (PAR)",NA,"UTAHDWQ_WQX","Utah Department Of Environmental Quality","UTAH LAKE 3 MI WNW OF LINCOLN BEACH","Lake",40.169675817,-111.871605572,"NAD83","m",31,16,35,"umol/m2/s",NA,NA,NA,"Accepted","Actual","Water",NA,NA,NA,NA,NA,NA,NA,NA,NA,NA,1,2019-08-12,8
"4917500",1.7,NA,2019-06-18 13:20:00,"Light, photosynthetic active radiation at depth (PAR)",NA,"UTAHDWQ_WQX","Utah Department Of Environmental Quality","UTAH LAKE 3 MI WNW OF LINCOLN BEACH","Lake",40.169675817,-111.871605572,"NAD83","m",20,13,81,"umol/m2/s",NA,NA,NA,"Accepted","Actual","Water",NA,NA,NA,NA,NA,NA,NA,NA,NA,NA,1,2019-06-18,6
"4917500",1.7,NA,2019-07-08 16:30:00,"Light, photosynthetic active radiation at depth (PAR)",NA,"UTAHDWQ_WQX","Utah Department Of Environmental Quality","UTAH LAKE 3 MI WNW OF LINCOLN BEACH","Lake",40.169675817,-111.871605572,"NAD83","m",30,16,2.4,"umol/m2/s",NA,NA,NA,"Accepted","Actual","Water",NA,NA,NA,NA,NA,NA,NA,NA,NA,NA,1,2019-07-08,7
"4917500",2,NA,2019-06-18 13:20:00,"Light, photosynthetic active radiation at depth (PAR)",NA,"UTAHDWQ_WQX","Utah Department Of Environmental Quality","UTAH LAKE 3 MI WNW OF LINCOLN BEACH","Lake",40.169675817,-111.871605572,"NAD83","m",20,13,34,"umol/m2/s",NA,NA,NA,"Accepted","Actual","Water",NA,NA,NA,NA,NA,NA,NA,NA,NA,NA,1,2019-06-18,6
"4917500",2,NA,2019-08-12 16:31:36,"Light, photosynthetic active radiation at depth (PAR)",NA,"UTAHDWQ_WQX","Utah Department Of Environmental Quality","UTAH LAKE 3 MI WNW OF LINCOLN BEACH","Lake",40.169675817,-111.871605572,"NAD83","m",31,16,10,"umol/m2/s",NA,NA,NA,"Accepted","Actual","Water",NA,NA,NA,NA,NA,NA,NA,NA,NA,NA,1,2019-08-12,8
"4917500",2.3,NA,2019-06-18 13:20:00,"Light, photosynthetic active radiation at depth (PAR)",NA,"UTAHDWQ_WQX","Utah Department Of Environmental Quality","UTAH LAKE 3 MI WNW OF LINCOLN BEACH","Lake",40.169675817,-111.871605572,"NAD83","m",20,13,22,"umol/m2/s",NA,NA,NA,"Accepted","Actual","Water",NA,NA,NA,NA,NA,NA,NA,NA,NA,NA,1,2019-06-18,6
"4917500",2.4,NA,2019-08-12 16:31:36,"Light, photosynthetic active radiation at depth (PAR)",NA,"UTAHDWQ_WQX","Utah Department Of Environmental Quality","UTAH LAKE 3 MI WNW OF LINCOLN BEACH","Lake",40.169675817,-111.871605572,"NAD83","m",31,16,2.5,"umol/m2/s",NA,NA,NA,"Accepted","Actual","Water",NA,NA,NA,NA,NA,NA,NA,NA,NA,NA,1,2019-08-12,8
"4917500",2.4,NA,2019-09-23 14:08:00,"Light, photosynthetic active radiation at depth (PAR)",NA,"UTAHDWQ_WQX","Utah Department Of Environmental Quality","UTAH LAKE 3 MI WNW OF LINCOLN BEACH","Lake",40.169675817,-111.871605572,"NAD83","m",8,14,49,"umol/m2/s",NA,NA,NA,"Accepted","Actual","Water",NA,NA,NA,NA,NA,NA,NA,NA,NA,NA,1,2019-09-23,9
"4917500",2.7,NA,2019-06-18 13:20:00,"Light, photosynthetic active radiation at depth (PAR)",NA,"UTAHDWQ_WQX","Utah Department Of Environmental Quality","UTAH LAKE 3 MI WNW OF LINCOLN BEACH","Lake",40.169675817,-111.871605572,"NAD83","m",20,13,9.4,"umol/m2/s",NA,NA,NA,"Accepted","Actual","Water",NA,NA,NA,NA,NA,NA,NA,NA,NA,NA,1,2019-06-18,6
"4917500",2.8,NA,2019-08-12 16:31:36,"Light, photosynthetic active radiation at depth (PAR)",NA,"UTAHDWQ_WQX","Utah Department Of Environmental Quality","UTAH LAKE 3 MI WNW OF LINCOLN BEACH","Lake",40.169675817,-111.871605572,"NAD83","m",31,16,0.6,"umol/m2/s",NA,NA,NA,"Accepted","Actual","Water",NA,NA,NA,NA,NA,NA,NA,NA,NA,NA,1,2019-08-12,8
"4917500",2.8,NA,2019-09-23 14:08:00,"Light, photosynthetic active radiation at depth (PAR)",NA,"UTAHDWQ_WQX","Utah Department Of Environmental Quality","UTAH LAKE 3 MI WNW OF LINCOLN BEACH","Lake",40.169675817,-111.871605572,"NAD83","m",8,14,21,"umol/m2/s",NA,NA,NA,"Accepted","Actual","Water",NA,NA,NA,NA,NA,NA,NA,NA,NA,NA,1,2019-09-23,9
"4917500",3,NA,2019-06-18 13:20:00,"Light, photosynthetic active radiation at depth (PAR)",NA,"UTAHDWQ_WQX","Utah Department Of Environmental Quality","UTAH LAKE 3 MI WNW OF LINCOLN BEACH","Lake",40.169675817,-111.871605572,"NAD83","m",20,13,5.6,"umol/m2/s",NA,NA,NA,"Accepted","Actual","Water",NA,NA,NA,NA,NA,NA,NA,NA,NA,NA,1,2019-06-18,6
"4917500",3.1,NA,2019-07-08 16:30:00,"Light, photosynthetic active radiation at depth (PAR)",NA,"UTAHDWQ_WQX","Utah Department Of Environmental Quality","UTAH LAKE 3 MI WNW OF LINCOLN BEACH","Lake",40.169675817,-111.871605572,"NAD83","m",30,16,0.6,"umol/m2/s",NA,NA,NA,"Accepted","Actual","Water",NA,NA,NA,NA,NA,NA,NA,NA,NA,NA,1,2019-07-08,7
"4917500",3.4,NA,2019-06-18 13:20:00,"Light, photosynthetic active radiation at depth (PAR)",NA,"UTAHDWQ_WQX","Utah Department Of Environmental Quality","UTAH LAKE 3 MI WNW OF LINCOLN BEACH","Lake",40.169675817,-111.871605572,"NAD83","m",20,13,1.9,"umol/m2/s",NA,NA,NA,"Accepted","Actual","Water",NA,NA,NA,NA,NA,NA,NA,NA,NA,NA,1,2019-06-18,6
"4917500",3.4,NA,2019-09-23 14:08:00,"Light, photosynthetic active radiation at depth (PAR)",NA,"UTAHDWQ_WQX","Utah Department Of Environmental Quality","UTAH LAKE 3 MI WNW OF LINCOLN BEACH","Lake",40.169675817,-111.871605572,"NAD83","m",8,14,1,"umol/m2/s",NA,NA,NA,"Accepted","Actual","Water",NA,NA,NA,NA,NA,NA,NA,NA,NA,NA,1,2019-09-23,9
"4917520",0.0001,NA,2019-08-12 17:47:55,"Light, photosynthetic active radiation at depth (PAR)",NA,"UTAHDWQ_WQX","Utah Department Of Environmental Quality","UTAH LAKE 2 MI E OF SARATOGA SPRINGS #12","Lake",40.342168631,-111.871325678,"NAD83","m",47,17,1100,"umol/m2/s",NA,NA,NA,"Accepted","Actual","Water",NA,NA,NA,NA,NA,NA,NA,NA,NA,NA,1,2019-08-12,8
"4917520",0.0001,NA,2019-09-23 15:20:00,"Light, photosynthetic active radiation at depth (PAR)",NA,"UTAHDWQ_WQX","Utah Department Of Environmental Quality","UTAH LAKE 2 MI E OF SARATOGA SPRINGS #12","Lake",40.342168631,-111.871325678,"NAD83","m",20,15,190,"umol/m2/s",NA,NA,NA,"Accepted","Actual","Water",NA,NA,NA,NA,NA,NA,NA,NA,NA,NA,1,2019-09-23,9
"4917520",0.2,NA,2019-06-18 14:35:00,"Light, photosynthetic active radiation at depth (PAR)",NA,"UTAHDWQ_WQX","Utah Department Of Environmental Quality","UTAH LAKE 2 MI E OF SARATOGA SPRINGS #12","Lake",40.342168631,-111.871325678,"NAD83","m",35,14,1430,"umol/m2/s",NA,NA,NA,"Accepted","Actual","Water",NA,NA,NA,NA,NA,NA,NA,NA,NA,NA,1,2019-06-18,6
"4917520",0.2,NA,2019-07-08 17:35:00,"Light, photosynthetic active radiation at depth (PAR)",NA,"UTAHDWQ_WQX","Utah Department Of Environmental Quality","UTAH LAKE 2 MI E OF SARATOGA SPRINGS #12","Lake",40.342168631,-111.871325678,"NAD83","m",35,17,98,"umol/m2/s",NA,NA,NA,"Accepted","Actual","Water",NA,NA,NA,NA,NA,NA,NA,NA,NA,NA,1,2019-07-08,7
"4917520",0.4,NA,2019-08-12 17:47:55,"Light, photosynthetic active radiation at depth (PAR)",NA,"UTAHDWQ_WQX","Utah Department Of Environmental Quality","UTAH LAKE 2 MI E OF SARATOGA SPRINGS #12","Lake",40.342168631,-111.871325678,"NAD83","m",47,17,630,"umol/m2/s",NA,NA,NA,"Accepted","Actual","Water",NA,NA,NA,NA,NA,NA,NA,NA,NA,NA,1,2019-08-12,8
"4917520",0.4,NA,2019-09-23 15:20:00,"Light, photosynthetic active radiation at depth (PAR)",NA,"UTAHDWQ_WQX","Utah Department Of Environmental Quality","UTAH LAKE 2 MI E OF SARATOGA SPRINGS #12","Lake",40.342168631,-111.871325678,"NAD83","m",20,15,140,"umol/m2/s",NA,NA,NA,"Accepted","Actual","Water",NA,NA,NA,NA,NA,NA,NA,NA,NA,NA,1,2019-09-23,9
"4917520",0.6,NA,2019-06-18 14:35:00,"Light, photosynthetic active radiation at depth (PAR)",NA,"UTAHDWQ_WQX","Utah Department Of Environmental Quality","UTAH LAKE 2 MI E OF SARATOGA SPRINGS #12","Lake",40.342168631,-111.871325678,"NAD83","m",35,14,640,"umol/m2/s",NA,NA,NA,"Accepted","Actual","Water",NA,NA,NA,NA,NA,NA,NA,NA,NA,NA,1,2019-06-18,6
"4917520",0.8,NA,2019-07-08 17:35:00,"Light, photosynthetic active radiation at depth (PAR)",NA,"UTAHDWQ_WQX","Utah Department Of Environmental Quality","UTAH LAKE 2 MI E OF SARATOGA SPRINGS #12","Lake",40.342168631,-111.871325678,"NAD83","m",35,17,26,"umol/m2/s",NA,NA,NA,"Accepted","Actual","Water",NA,NA,NA,NA,NA,NA,NA,NA,NA,NA,1,2019-07-08,7
"4917520",0.8,NA,2019-08-12 17:47:55,"Light, photosynthetic active radiation at depth (PAR)",NA,"UTAHDWQ_WQX","Utah Department Of Environmental Quality","UTAH LAKE 2 MI E OF SARATOGA SPRINGS #12","Lake",40.342168631,-111.871325678,"NAD83","m",47,17,200,"umol/m2/s",NA,NA,NA,"Accepted","Actual","Water",NA,NA,NA,NA,NA,NA,NA,NA,NA,NA,1,2019-08-12,8
"4917520",0.8,NA,2019-09-23 15:20:00,"Light, photosynthetic active radiation at depth (PAR)",NA,"UTAHDWQ_WQX","Utah Department Of Environmental Quality","UTAH LAKE 2 MI E OF SARATOGA SPRINGS #12","Lake",40.342168631,-111.871325678,"NAD83","m",20,15,80,"umol/m2/s",NA,NA,NA,"Accepted","Actual","Water",NA,NA,NA,NA,NA,NA,NA,NA,NA,NA,1,2019-09-23,9
"4917520",1,NA,2019-06-18 14:35:00,"Light, photosynthetic active radiation at depth (PAR)",NA,"UTAHDWQ_WQX","Utah Department Of Environmental Quality","UTAH LAKE 2 MI E OF SARATOGA SPRINGS #12","Lake",40.342168631,-111.871325678,"NAD83","m",35,14,510,"umol/m2/s",NA,NA,NA,"Accepted","Actual","Water",NA,NA,NA,NA,NA,NA,NA,NA,NA,NA,1,2019-06-18,6
"4917520",1,NA,2019-07-08 17:35:00,"Light, photosynthetic active radiation at depth (PAR)",NA,"UTAHDWQ_WQX","Utah Department Of Environmental Quality","UTAH LAKE 2 MI E OF SARATOGA SPRINGS #12","Lake",40.342168631,-111.871325678,"NAD83","m",35,17,6,"umol/m2/s",NA,NA,NA,"Accepted","Actual","Water",NA,NA,NA,NA,NA,NA,NA,NA,NA,NA,1,2019-07-08,7
"4917520",1.3,NA,2019-08-12 17:47:55,"Light, photosynthetic active radiation at depth (PAR)",NA,"UTAHDWQ_WQX","Utah Department Of Environmental Quality","UTAH LAKE 2 MI E OF SARATOGA SPRINGS #12","Lake",40.342168631,-111.871325678,"NAD83","m",47,17,110,"umol/m2/s",NA,NA,NA,"Accepted","Actual","Water",NA,NA,NA,NA,NA,NA,NA,NA,NA,NA,1,2019-08-12,8
"4917520",1.4,NA,2019-06-18 14:35:00,"Light, photosynthetic active radiation at depth (PAR)",NA,"UTAHDWQ_WQX","Utah Department Of Environmental Quality","UTAH LAKE 2 MI E OF SARATOGA SPRINGS #12","Lake",40.342168631,-111.871325678,"NAD83","m",35,14,268,"umol/m2/s",NA,NA,NA,"Accepted","Actual","Water",NA,NA,NA,NA,NA,NA,NA,NA,NA,NA,1,2019-06-18,6
"4917520",1.4,NA,2019-09-23 15:20:00,"Light, photosynthetic active radiation at depth (PAR)",NA,"UTAHDWQ_WQX","Utah Department Of Environmental Quality","UTAH LAKE 2 MI E OF SARATOGA SPRINGS #12","Lake",40.342168631,-111.871325678,"NAD83","m",20,15,40,"umol/m2/s",NA,NA,NA,"Accepted","Actual","Water",NA,NA,NA,NA,NA,NA,NA,NA,NA,NA,1,2019-09-23,9
"4917520",1.5,NA,2019-07-08 17:35:00,"Light, photosynthetic active radiation at depth (PAR)",NA,"UTAHDWQ_WQX","Utah Department Of Environmental Quality","UTAH LAKE 2 MI E OF SARATOGA SPRINGS #12","Lake",40.342168631,-111.871325678,"NAD83","m",35,17,4.7,"umol/m2/s",NA,NA,NA,"Accepted","Actual","Water",NA,NA,NA,NA,NA,NA,NA,NA,NA,NA,1,2019-07-08,7
"4917520",1.6,NA,2019-08-12 17:47:55,"Light, photosynthetic active radiation at depth (PAR)",NA,"UTAHDWQ_WQX","Utah Department Of Environmental Quality","UTAH LAKE 2 MI E OF SARATOGA SPRINGS #12","Lake",40.342168631,-111.871325678,"NAD83","m",47,17,40,"umol/m2/s",NA,NA,NA,"Accepted","Actual","Water",NA,NA,NA,NA,NA,NA,NA,NA,NA,NA,1,2019-08-12,8
"4917520",1.8,NA,2019-06-18 14:35:00,"Light, photosynthetic active radiation at depth (PAR)",NA,"UTAHDWQ_WQX","Utah Department Of Environmental Quality","UTAH LAKE 2 MI E OF SARATOGA SPRINGS #12","Lake",40.342168631,-111.871325678,"NAD83","m",35,14,141,"umol/m2/s",NA,NA,NA,"Accepted","Actual","Water",NA,NA,NA,NA,NA,NA,NA,NA,NA,NA,1,2019-06-18,6
"4917520",1.8,NA,2019-09-23 15:20:00,"Light, photosynthetic active radiation at depth (PAR)",NA,"UTAHDWQ_WQX","Utah Department Of Environmental Quality","UTAH LAKE 2 MI E OF SARATOGA SPRINGS #12","Lake",40.342168631,-111.871325678,"NAD83","m",20,15,15,"umol/m2/s",NA,NA,NA,"Accepted","Actual","Water",NA,NA,NA,NA,NA,NA,NA,NA,NA,NA,1,2019-09-23,9
"4917520",2,NA,2019-07-08 17:35:00,"Light, photosynthetic active radiation at depth (PAR)",NA,"UTAHDWQ_WQX","Utah Department Of Environmental Quality","UTAH LAKE 2 MI E OF SARATOGA SPRINGS #12","Lake",40.342168631,-111.871325678,"NAD83","m",35,17,2.7,"umol/m2/s",NA,NA,NA,"Accepted","Actual","Water",NA,NA,NA,NA,NA,NA,NA,NA,NA,NA,1,2019-07-08,7
"4917520",2,NA,2019-08-12 17:47:55,"Light, photosynthetic active radiation at depth (PAR)",NA,"UTAHDWQ_WQX","Utah Department Of Environmental Quality","UTAH LAKE 2 MI E OF SARATOGA SPRINGS #12","Lake",40.342168631,-111.871325678,"NAD83","m",47,17,16.5,"umol/m2/s",NA,NA,NA,"Accepted","Actual","Water",NA,NA,NA,NA,NA,NA,NA,NA,NA,NA,1,2019-08-12,8
"4917520",2.2,NA,2019-06-18 14:35:00,"Light, photosynthetic active radiation at depth (PAR)",NA,"UTAHDWQ_WQX","Utah Department Of Environmental Quality","UTAH LAKE 2 MI E OF SARATOGA SPRINGS #12","Lake",40.342168631,-111.871325678,"NAD83","m",35,14,106,"umol/m2/s",NA,NA,NA,"Accepted","Actual","Water",NA,NA,NA,NA,NA,NA,NA,NA,NA,NA,1,2019-06-18,6
"4917520",2.4,NA,2019-08-12 17:47:55,"Light, photosynthetic active radiation at depth (PAR)",NA,"UTAHDWQ_WQX","Utah Department Of Environmental Quality","UTAH LAKE 2 MI E OF SARATOGA SPRINGS #12","Lake",40.342168631,-111.871325678,"NAD83","m",47,17,3.8,"umol/m2/s",NA,NA,NA,"Accepted","Actual","Water",NA,NA,NA,NA,NA,NA,NA,NA,NA,NA,1,2019-08-12,8
"4917520",2.4,NA,2019-09-23 15:20:00,"Light, photosynthetic active radiation at depth (PAR)",NA,"UTAHDWQ_WQX","Utah Department Of Environmental Quality","UTAH LAKE 2 MI E OF SARATOGA SPRINGS #12","Lake",40.342168631,-111.871325678,"NAD83","m",20,15,1.5,"umol/m2/s",NA,NA,NA,"Accepted","Actual","Water",NA,NA,NA,NA,NA,NA,NA,NA,NA,NA,1,2019-09-23,9
"4917520",2.6,NA,2019-06-18 14:35:00,"Light, photosynthetic active radiation at depth (PAR)",NA,"UTAHDWQ_WQX","Utah Department Of Environmental Quality","UTAH LAKE 2 MI E OF SARATOGA SPRINGS #12","Lake",40.342168631,-111.871325678,"NAD83","m",35,14,27,"umol/m2/s",NA,NA,NA,"Accepted","Actual","Water",NA,NA,NA,NA,NA,NA,NA,NA,NA,NA,1,2019-06-18,6
"4917520",3,NA,2019-06-18 14:35:00,"Light, photosynthetic active radiation at depth (PAR)",NA,"UTAHDWQ_WQX","Utah Department Of Environmental Quality","UTAH LAKE 2 MI E OF SARATOGA SPRINGS #12","Lake",40.342168631,-111.871325678,"NAD83","m",35,14,21,"umol/m2/s",NA,NA,NA,"Accepted","Actual","Water",NA,NA,NA,NA,NA,NA,NA,NA,NA,NA,1,2019-06-18,6
"4917520",3,NA,2019-07-08 17:35:00,"Light, photosynthetic active radiation at depth (PAR)",NA,"UTAHDWQ_WQX","Utah Department Of Environmental Quality","UTAH LAKE 2 MI E OF SARATOGA SPRINGS #12","Lake",40.342168631,-111.871325678,"NAD83","m",35,17,0.3,"umol/m2/s",NA,NA,NA,"Accepted","Actual","Water",NA,NA,NA,NA,NA,NA,NA,NA,NA,NA,1,2019-07-08,7
"4917600",0.0001,NA,2019-08-12 15:39:50,"Light, photosynthetic active radiation at depth (PAR)",NA,"UTAHDWQ_WQX","Utah Department Of Environmental Quality","UTAH LAKE GOSHEN BAY SOUTHWEST END","Lake",40.060235181,-111.874383582,"NAD83","m",39,15,1830,"umol/m2/s",NA,NA,NA,"Accepted","Actual","Water",NA,NA,NA,NA,NA,NA,NA,NA,NA,NA,1,2019-08-12,8
"4917600",0.0001,NA,2019-09-23 13:20:00,"Light, photosynthetic active radiation at depth (PAR)",NA,"UTAHDWQ_WQX","Utah Department Of Environmental Quality","UTAH LAKE GOSHEN BAY SOUTHWEST END","Lake",40.060235181,-111.874383582,"NAD83","m",20,13,1500,"umol/m2/s",NA,NA,NA,"Accepted","Actual","Water",NA,NA,NA,NA,NA,NA,NA,NA,NA,NA,1,2019-09-23,9
"4917600",0.2,NA,2019-06-18 12:32:31,"Light, photosynthetic active radiation at depth (PAR)",NA,"UTAHDWQ_WQX","Utah Department Of Environmental Quality","UTAH LAKE GOSHEN BAY SOUTHWEST END","Lake",40.060235181,-111.874383582,"NAD83","m",32,12,1812,"umol/m2/s",NA,NA,NA,"Accepted","Actual","Water",NA,NA,NA,NA,NA,NA,NA,NA,NA,NA,1,2019-06-18,6
"4917600",0.2,NA,2019-07-08 15:45:00,"Light, photosynthetic active radiation at depth (PAR)",NA,"UTAHDWQ_WQX","Utah Department Of Environmental Quality","UTAH LAKE GOSHEN BAY SOUTHWEST END","Lake",40.060235181,-111.874383582,"NAD83","m",45,15,153,"umol/m2/s",NA,NA,NA,"Accepted","Actual","Water",NA,NA,NA,NA,NA,NA,NA,NA,NA,NA,1,2019-07-08,7
"4917600",0.4,NA,2019-09-23 13:20:00,"Light, photosynthetic active radiation at depth (PAR)",NA,"UTAHDWQ_WQX","Utah Department Of Environmental Quality","UTAH LAKE GOSHEN BAY SOUTHWEST END","Lake",40.060235181,-111.874383582,"NAD83","m",20,13,200,"umol/m2/s",NA,NA,NA,"Accepted","Actual","Water",NA,NA,NA,NA,NA,NA,NA,NA,NA,NA,1,2019-09-23,9
"4917600",0.6,NA,2019-06-18 12:32:31,"Light, photosynthetic active radiation at depth (PAR)",NA,"UTAHDWQ_WQX","Utah Department Of Environmental Quality","UTAH LAKE GOSHEN BAY SOUTHWEST END","Lake",40.060235181,-111.874383582,"NAD83","m",32,12,650,"umol/m2/s",NA,NA,NA,"Accepted","Actual","Water",NA,NA,NA,NA,NA,NA,NA,NA,NA,NA,1,2019-06-18,6
"4917600",0.6,NA,2019-07-08 15:45:00,"Light, photosynthetic active radiation at depth (PAR)",NA,"UTAHDWQ_WQX","Utah Department Of Environmental Quality","UTAH LAKE GOSHEN BAY SOUTHWEST END","Lake",40.060235181,-111.874383582,"NAD83","m",45,15,64,"umol/m2/s",NA,NA,NA,"Accepted","Actual","Water",NA,NA,NA,NA,NA,NA,NA,NA,NA,NA,1,2019-07-08,7
"4917600",0.6,NA,2019-08-12 15:39:50,"Light, photosynthetic active radiation at depth (PAR)",NA,"UTAHDWQ_WQX","Utah Department Of Environmental Quality","UTAH LAKE GOSHEN BAY SOUTHWEST END","Lake",40.060235181,-111.874383582,"NAD83","m",39,15,590,"umol/m2/s",NA,NA,NA,"Accepted","Actual","Water",NA,NA,NA,NA,NA,NA,NA,NA,NA,NA,1,2019-08-12,8
"4917600",0.8,NA,2019-09-23 13:20:00,"Light, photosynthetic active radiation at depth (PAR)",NA,"UTAHDWQ_WQX","Utah Department Of Environmental Quality","UTAH LAKE GOSHEN BAY SOUTHWEST END","Lake",40.060235181,-111.874383582,"NAD83","m",20,13,20,"umol/m2/s",NA,NA,NA,"Accepted","Actual","Water",NA,NA,NA,NA,NA,NA,NA,NA,NA,NA,1,2019-09-23,9
"4917600",0.9,NA,2019-06-18 12:32:31,"Light, photosynthetic active radiation at depth (PAR)",NA,"UTAHDWQ_WQX","Utah Department Of Environmental Quality","UTAH LAKE GOSHEN BAY SOUTHWEST END","Lake",40.060235181,-111.874383582,"NAD83","m",32,12,278,"umol/m2/s",NA,NA,NA,"Accepted","Actual","Water",NA,NA,NA,NA,NA,NA,NA,NA,NA,NA,1,2019-06-18,6
"4917600",1,NA,2019-07-08 15:45:00,"Light, photosynthetic active radiation at depth (PAR)",NA,"UTAHDWQ_WQX","Utah Department Of Environmental Quality","UTAH LAKE GOSHEN BAY SOUTHWEST END","Lake",40.060235181,-111.874383582,"NAD83","m",45,15,18,"umol/m2/s",NA,NA,NA,"Accepted","Actual","Water",NA,NA,NA,NA,NA,NA,NA,NA,NA,NA,1,2019-07-08,7
"4917600",1,NA,2019-08-12 15:39:50,"Light, photosynthetic active radiation at depth (PAR)",NA,"UTAHDWQ_WQX","Utah Department Of Environmental Quality","UTAH LAKE GOSHEN BAY SOUTHWEST END","Lake",40.060235181,-111.874383582,"NAD83","m",39,15,158,"umol/m2/s",NA,NA,NA,"Accepted","Actual","Water",NA,NA,NA,NA,NA,NA,NA,NA,NA,NA,1,2019-08-12,8
"4917600",1,NA,2019-09-23 13:20:00,"Light, photosynthetic active radiation at depth (PAR)",NA,"UTAHDWQ_WQX","Utah Department Of Environmental Quality","UTAH LAKE GOSHEN BAY SOUTHWEST END","Lake",40.060235181,-111.874383582,"NAD83","m",20,13,1,"umol/m2/s",NA,NA,NA,"Accepted","Actual","Water",NA,NA,NA,NA,NA,NA,NA,NA,NA,NA,1,2019-09-23,9
"4917600",1.2,NA,2019-08-12 15:39:50,"Light, photosynthetic active radiation at depth (PAR)",NA,"UTAHDWQ_WQX","Utah Department Of Environmental Quality","UTAH LAKE GOSHEN BAY SOUTHWEST END","Lake",40.060235181,-111.874383582,"NAD83","m",39,15,65,"umol/m2/s",NA,NA,NA,"Accepted","Actual","Water",NA,NA,NA,NA,NA,NA,NA,NA,NA,NA,1,2019-08-12,8
"4917600",1.3,NA,2019-06-18 12:32:31,"Light, photosynthetic active radiation at depth (PAR)",NA,"UTAHDWQ_WQX","Utah Department Of Environmental Quality","UTAH LAKE GOSHEN BAY SOUTHWEST END","Lake",40.060235181,-111.874383582,"NAD83","m",32,12,40.2,"umol/m2/s",NA,NA,NA,"Accepted","Actual","Water",NA,NA,NA,NA,NA,NA,NA,NA,NA,NA,1,2019-06-18,6
"4917600",1.3,NA,2019-07-08 15:45:00,"Light, photosynthetic active radiation at depth (PAR)",NA,"UTAHDWQ_WQX","Utah Department Of Environmental Quality","UTAH LAKE GOSHEN BAY SOUTHWEST END","Lake",40.060235181,-111.874383582,"NAD83","m",45,15,2.5,"umol/m2/s",NA,NA,NA,"Accepted","Actual","Water",NA,NA,NA,NA,NA,NA,NA,NA,NA,NA,1,2019-07-08,7
"4917710",0.0001,NA,2019-09-23 12:25:00,"Light, photosynthetic active radiation at depth (PAR)",NA,"UTAHDWQ_WQX","Utah Department Of Environmental Quality","UTAH LAKE 1 MI NE OF LINCOLN POINT #03","Lake",40.157729295,-111.791325515,"NAD83","m",25,12,1715,"umol/m2/s",NA,NA,NA,"Accepted","Actual","Water",NA,NA,NA,NA,NA,NA,NA,NA,NA,NA,1,2019-09-23,9
"4917710",0.2,NA,2019-07-08 14:55:49,"Light, photosynthetic active radiation at depth (PAR)",NA,"UTAHDWQ_WQX","Utah Department Of Environmental Quality","UTAH LAKE 1 MI NE OF LINCOLN POINT #03","Lake",40.157729295,-111.791325515,"NAD83","m",55,14,1750,"umol/m2/s",NA,NA,NA,"Accepted","Actual","Water",NA,NA,NA,NA,NA,NA,NA,NA,NA,NA,1,2019-07-08,7
"4917710",0.5,NA,2019-09-23 12:25:00,"Light, photosynthetic active radiation at depth (PAR)",NA,"UTAHDWQ_WQX","Utah Department Of Environmental Quality","UTAH LAKE 1 MI NE OF LINCOLN POINT #03","Lake",40.157729295,-111.791325515,"NAD83","m",25,12,850,"umol/m2/s",NA,NA,NA,"Accepted","Actual","Water",NA,NA,NA,NA,NA,NA,NA,NA,NA,NA,1,2019-09-23,9
"4917710",0.9,NA,2019-07-08 14:55:49,"Light, photosynthetic active radiation at depth (PAR)",NA,"UTAHDWQ_WQX","Utah Department Of Environmental Quality","UTAH LAKE 1 MI NE OF LINCOLN POINT #03","Lake",40.157729295,-111.791325515,"NAD83","m",55,14,1075,"umol/m2/s",NA,NA,NA,"Accepted","Actual","Water",NA,NA,NA,NA,NA,NA,NA,NA,NA,NA,1,2019-07-08,7
"4917710",1,NA,2019-09-23 12:25:00,"Light, photosynthetic active radiation at depth (PAR)",NA,"UTAHDWQ_WQX","Utah Department Of Environmental Quality","UTAH LAKE 1 MI NE OF LINCOLN POINT #03","Lake",40.157729295,-111.791325515,"NAD83","m",25,12,170,"umol/m2/s",NA,NA,NA,"Accepted","Actual","Water",NA,NA,NA,NA,NA,NA,NA,NA,NA,NA,1,2019-09-23,9
"4917710",1.1,NA,2019-07-08 14:55:49,"Light, photosynthetic active radiation at depth (PAR)",NA,"UTAHDWQ_WQX","Utah Department Of Environmental Quality","UTAH LAKE 1 MI NE OF LINCOLN POINT #03","Lake",40.157729295,-111.791325515,"NAD83","m",55,14,455,"umol/m2/s",NA,NA,NA,"Accepted","Actual","Water",NA,NA,NA,NA,NA,NA,NA,NA,NA,NA,1,2019-07-08,7
"4917710",1.5,NA,2019-09-23 12:25:00,"Light, photosynthetic active radiation at depth (PAR)",NA,"UTAHDWQ_WQX","Utah Department Of Environmental Quality","UTAH LAKE 1 MI NE OF LINCOLN POINT #03","Lake",40.157729295,-111.791325515,"NAD83","m",25,12,53,"umol/m2/s",NA,NA,NA,"Accepted","Actual","Water",NA,NA,NA,NA,NA,NA,NA,NA,NA,NA,1,2019-09-23,9
"4917710",1.8,NA,2019-07-08 14:55:49,"Light, photosynthetic active radiation at depth (PAR)",NA,"UTAHDWQ_WQX","Utah Department Of Environmental Quality","UTAH LAKE 1 MI NE OF LINCOLN POINT #03","Lake",40.157729295,-111.791325515,"NAD83","m",55,14,155,"umol/m2/s",NA,NA,NA,"Accepted","Actual","Water",NA,NA,NA,NA,NA,NA,NA,NA,NA,NA,1,2019-07-08,7
"4917710",2,NA,2019-09-23 12:25:00,"Light, photosynthetic active radiation at depth (PAR)",NA,"UTAHDWQ_WQX","Utah Department Of Environmental Quality","UTAH LAKE 1 MI NE OF LINCOLN POINT #03","Lake",40.157729295,-111.791325515,"NAD83","m",25,12,21,"umol/m2/s",NA,NA,NA,"Accepted","Actual","Water",NA,NA,NA,NA,NA,NA,NA,NA,NA,NA,1,2019-09-23,9
"4917710",2.4,NA,2019-07-08 14:55:49,"Light, photosynthetic active radiation at depth (PAR)",NA,"UTAHDWQ_WQX","Utah Department Of Environmental Quality","UTAH LAKE 1 MI NE OF LINCOLN POINT #03","Lake",40.157729295,-111.791325515,"NAD83","m",55,14,45,"umol/m2/s",NA,NA,NA,"Accepted","Actual","Water",NA,NA,NA,NA,NA,NA,NA,NA,NA,NA,1,2019-07-08,7
"4917710",2.5,NA,2019-09-23 12:25:00,"Light, photosynthetic active radiation at depth (PAR)",NA,"UTAHDWQ_WQX","Utah Department Of Environmental Quality","UTAH LAKE 1 MI NE OF LINCOLN POINT #03","Lake",40.157729295,-111.791325515,"NAD83","m",25,12,4,"umol/m2/s",NA,NA,NA,"Accepted","Actual","Water",NA,NA,NA,NA,NA,NA,NA,NA,NA,NA,1,2019-09-23,9
"4917710",3,NA,2019-07-08 14:55:49,"Light, photosynthetic active radiation at depth (PAR)",NA,"UTAHDWQ_WQX","Utah Department Of Environmental Quality","UTAH LAKE 1 MI NE OF LINCOLN POINT #03","Lake",40.157729295,-111.791325515,"NAD83","m",55,14,33,"umol/m2/s",NA,NA,NA,"Accepted","Actual","Water",NA,NA,NA,NA,NA,NA,NA,NA,NA,NA,1,2019-07-08,7
"4917710",3,NA,2019-09-23 12:25:00,"Light, photosynthetic active radiation at depth (PAR)",NA,"UTAHDWQ_WQX","Utah Department Of Environmental Quality","UTAH LAKE 1 MI NE OF LINCOLN POINT #03","Lake",40.157729295,-111.791325515,"NAD83","m",25,12,0.5,"umol/m2/s",NA,NA,NA,"Accepted","Actual","Water",NA,NA,NA,NA,NA,NA,NA,NA,NA,NA,1,2019-09-23,9
"4917710",3.8,NA,2019-07-08 14:55:49,"Light, photosynthetic active radiation at depth (PAR)",NA,"UTAHDWQ_WQX","Utah Department Of Environmental Quality","UTAH LAKE 1 MI NE OF LINCOLN POINT #03","Lake",40.157729295,-111.791325515,"NAD83","m",55,14,20,"umol/m2/s",NA,NA,NA,"Accepted","Actual","Water",NA,NA,NA,NA,NA,NA,NA,NA,NA,NA,1,2019-07-08,7
"4917715",0.0001,NA,2019-05-13 13:25:00,"Light, photosynthetic active radiation at depth (PAR)",NA,"UTAHDWQ_WQX","Utah Department Of Environmental Quality","Utah Lake 1 mile southeast of Bird Island","Lake",40.169162,-111.777287,"NAD83","m",25,13,1265,"umol/m2/s",NA,NA,NA,"Accepted","Actual","Water",NA,NA,NA,NA,NA,NA,NA,NA,NA,NA,1,2019-05-13,5
"4917715",0.0001,NA,2019-08-12 14:13:56,"Light, photosynthetic active radiation at depth (PAR)",NA,"UTAHDWQ_WQX","Utah Department Of Environmental Quality","Utah Lake 1 mile southeast of Bird Island","Lake",40.169162,-111.777287,"NAD83","m",13,14,1800,"umol/m2/s",NA,NA,NA,"Accepted","Actual","Water",NA,NA,NA,NA,NA,NA,NA,NA,NA,NA,1,2019-08-12,8
"4917715",0.0001,NA,2019-09-23 12:08:00,"Light, photosynthetic active radiation at depth (PAR)",NA,"UTAHDWQ_WQX","Utah Department Of Environmental Quality","Utah Lake 1 mile southeast of Bird Island","Lake",40.169162,-111.777287,"NAD83","m",8,12,1615,"umol/m2/s",NA,NA,NA,"Accepted","Actual","Water",NA,NA,NA,NA,NA,NA,NA,NA,NA,NA,1,2019-09-23,9
"4917715",0.2,NA,2019-07-08 14:30:00,"Light, photosynthetic active radiation at depth (PAR)",NA,"UTAHDWQ_WQX","Utah Department Of Environmental Quality","Utah Lake 1 mile southeast of Bird Island","Lake",40.169162,-111.777287,"NAD83","m",30,14,1700,"umol/m2/s",NA,NA,NA,"Accepted","Actual","Water",NA,NA,NA,NA,NA,NA,NA,NA,NA,NA,1,2019-07-08,7
"4917715",0.3,NA,2019-06-17 15:47:17,"Light, photosynthetic active radiation at depth (PAR)",NA,"UTAHDWQ_WQX","Utah Department Of Environmental Quality","Utah Lake 1 mile southeast of Bird Island","Lake",40.169162,-111.777287,"NAD83","m",47,15,445,"umol/m2/s",NA,NA,NA,"Accepted","Actual","Water",NA,NA,NA,NA,NA,NA,NA,NA,NA,NA,1,2019-06-17,6
"4917715",0.4,NA,2019-08-12 14:13:56,"Light, photosynthetic active radiation at depth (PAR)",NA,"UTAHDWQ_WQX","Utah Department Of Environmental Quality","Utah Lake 1 mile southeast of Bird Island","Lake",40.169162,-111.777287,"NAD83","m",13,14,1100,"umol/m2/s",NA,NA,NA,"Accepted","Actual","Water",NA,NA,NA,NA,NA,NA,NA,NA,NA,NA,1,2019-08-12,8
"4917715",0.4,NA,2019-09-23 12:08:00,"Light, photosynthetic active radiation at depth (PAR)",NA,"UTAHDWQ_WQX","Utah Department Of Environmental Quality","Utah Lake 1 mile southeast of Bird Island","Lake",40.169162,-111.777287,"NAD83","m",8,12,975,"umol/m2/s",NA,NA,NA,"Accepted","Actual","Water",NA,NA,NA,NA,NA,NA,NA,NA,NA,NA,1,2019-09-23,9
"4917715",0.6,NA,2019-05-13 13:25:00,"Light, photosynthetic active radiation at depth (PAR)",NA,"UTAHDWQ_WQX","Utah Department Of Environmental Quality","Utah Lake 1 mile southeast of Bird Island","Lake",40.169162,-111.777287,"NAD83","m",25,13,1220,"umol/m2/s",NA,NA,NA,"Accepted","Actual","Water",NA,NA,NA,NA,NA,NA,NA,NA,NA,NA,1,2019-05-13,5
"4917715",0.6,NA,2019-07-08 14:30:00,"Light, photosynthetic active radiation at depth (PAR)",NA,"UTAHDWQ_WQX","Utah Department Of Environmental Quality","Utah Lake 1 mile southeast of Bird Island","Lake",40.169162,-111.777287,"NAD83","m",30,14,800,"umol/m2/s",NA,NA,NA,"Accepted","Actual","Water",NA,NA,NA,NA,NA,NA,NA,NA,NA,NA,1,2019-07-08,7
"4917715",0.7,NA,2019-06-17 15:47:17,"Light, photosynthetic active radiation at depth (PAR)",NA,"UTAHDWQ_WQX","Utah Department Of Environmental Quality","Utah Lake 1 mile southeast of Bird Island","Lake",40.169162,-111.777287,"NAD83","m",47,15,235,"umol/m2/s",NA,NA,NA,"Accepted","Actual","Water",NA,NA,NA,NA,NA,NA,NA,NA,NA,NA,1,2019-06-17,6
"4917715",0.8,NA,2019-08-12 14:13:56,"Light, photosynthetic active radiation at depth (PAR)",NA,"UTAHDWQ_WQX","Utah Department Of Environmental Quality","Utah Lake 1 mile southeast of Bird Island","Lake",40.169162,-111.777287,"NAD83","m",13,14,400,"umol/m2/s",NA,NA,NA,"Accepted","Actual","Water",NA,NA,NA,NA,NA,NA,NA,NA,NA,NA,1,2019-08-12,8
"4917715",1,NA,2019-09-23 12:08:00,"Light, photosynthetic active radiation at depth (PAR)",NA,"UTAHDWQ_WQX","Utah Department Of Environmental Quality","Utah Lake 1 mile southeast of Bird Island","Lake",40.169162,-111.777287,"NAD83","m",8,12,275,"umol/m2/s",NA,NA,NA,"Accepted","Actual","Water",NA,NA,NA,NA,NA,NA,NA,NA,NA,NA,1,2019-09-23,9
"4917715",1.1,NA,2019-06-17 15:47:17,"Light, photosynthetic active radiation at depth (PAR)",NA,"UTAHDWQ_WQX","Utah Department Of Environmental Quality","Utah Lake 1 mile southeast of Bird Island","Lake",40.169162,-111.777287,"NAD83","m",47,15,94,"umol/m2/s",NA,NA,NA,"Accepted","Actual","Water",NA,NA,NA,NA,NA,NA,NA,NA,NA,NA,1,2019-06-17,6
"4917715",1.2,NA,2019-08-12 14:13:56,"Light, photosynthetic active radiation at depth (PAR)",NA,"UTAHDWQ_WQX","Utah Department Of Environmental Quality","Utah Lake 1 mile southeast of Bird Island","Lake",40.169162,-111.777287,"NAD83","m",13,14,160,"umol/m2/s",NA,NA,NA,"Accepted","Actual","Water",NA,NA,NA,NA,NA,NA,NA,NA,NA,NA,1,2019-08-12,8
"4917715",1.3,NA,2019-05-13 13:25:00,"Light, photosynthetic active radiation at depth (PAR)",NA,"UTAHDWQ_WQX","Utah Department Of Environmental Quality","Utah Lake 1 mile southeast of Bird Island","Lake",40.169162,-111.777287,"NAD83","m",25,13,630,"umol/m2/s",NA,NA,NA,"Accepted","Actual","Water",NA,NA,NA,NA,NA,NA,NA,NA,NA,NA,1,2019-05-13,5
"4917715",1.3,NA,2019-07-08 14:30:00,"Light, photosynthetic active radiation at depth (PAR)",NA,"UTAHDWQ_WQX","Utah Department Of Environmental Quality","Utah Lake 1 mile southeast of Bird Island","Lake",40.169162,-111.777287,"NAD83","m",30,14,190,"umol/m2/s",NA,NA,NA,"Accepted","Actual","Water",NA,NA,NA,NA,NA,NA,NA,NA,NA,NA,1,2019-07-08,7
"4917715",1.4,NA,2019-09-23 12:08:00,"Light, photosynthetic active radiation at depth (PAR)",NA,"UTAHDWQ_WQX","Utah Department Of Environmental Quality","Utah Lake 1 mile southeast of Bird Island","Lake",40.169162,-111.777287,"NAD83","m",8,12,74,"umol/m2/s",NA,NA,NA,"Accepted","Actual","Water",NA,NA,NA,NA,NA,NA,NA,NA,NA,NA,1,2019-09-23,9
"4917715",1.6,NA,2019-06-17 15:47:17,"Light, photosynthetic active radiation at depth (PAR)",NA,"UTAHDWQ_WQX","Utah Department Of Environmental Quality","Utah Lake 1 mile southeast of Bird Island","Lake",40.169162,-111.777287,"NAD83","m",47,15,70,"umol/m2/s",NA,NA,NA,"Accepted","Actual","Water",NA,NA,NA,NA,NA,NA,NA,NA,NA,NA,1,2019-06-17,6
"4917715",1.6,NA,2019-08-12 14:13:56,"Light, photosynthetic active radiation at depth (PAR)",NA,"UTAHDWQ_WQX","Utah Department Of Environmental Quality","Utah Lake 1 mile southeast of Bird Island","Lake",40.169162,-111.777287,"NAD83","m",13,14,55,"umol/m2/s",NA,NA,NA,"Accepted","Actual","Water",NA,NA,NA,NA,NA,NA,NA,NA,NA,NA,1,2019-08-12,8
"4917715",1.7,NA,2019-07-08 14:30:00,"Light, photosynthetic active radiation at depth (PAR)",NA,"UTAHDWQ_WQX","Utah Department Of Environmental Quality","Utah Lake 1 mile southeast of Bird Island","Lake",40.169162,-111.777287,"NAD83","m",30,14,78,"umol/m2/s",NA,NA,NA,"Accepted","Actual","Water",NA,NA,NA,NA,NA,NA,NA,NA,NA,NA,1,2019-07-08,7
"4917715",1.8,NA,2019-09-23 12:08:00,"Light, photosynthetic active radiation at depth (PAR)",NA,"UTAHDWQ_WQX","Utah Department Of Environmental Quality","Utah Lake 1 mile southeast of Bird Island","Lake",40.169162,-111.777287,"NAD83","m",8,12,30,"umol/m2/s",NA,NA,NA,"Accepted","Actual","Water",NA,NA,NA,NA,NA,NA,NA,NA,NA,NA,1,2019-09-23,9
"4917715",2,NA,2019-08-12 14:13:56,"Light, photosynthetic active radiation at depth (PAR)",NA,"UTAHDWQ_WQX","Utah Department Of Environmental Quality","Utah Lake 1 mile southeast of Bird Island","Lake",40.169162,-111.777287,"NAD83","m",13,14,15,"umol/m2/s",NA,NA,NA,"Accepted","Actual","Water",NA,NA,NA,NA,NA,NA,NA,NA,NA,NA,1,2019-08-12,8
"4917715",2.1,NA,2019-05-13 13:25:00,"Light, photosynthetic active radiation at depth (PAR)",NA,"UTAHDWQ_WQX","Utah Department Of Environmental Quality","Utah Lake 1 mile southeast of Bird Island","Lake",40.169162,-111.777287,"NAD83","m",25,13,200,"umol/m2/s",NA,NA,NA,"Accepted","Actual","Water",NA,NA,NA,NA,NA,NA,NA,NA,NA,NA,1,2019-05-13,5
"4917715",2.2,NA,2019-06-17 15:47:17,"Light, photosynthetic active radiation at depth (PAR)",NA,"UTAHDWQ_WQX","Utah Department Of Environmental Quality","Utah Lake 1 mile southeast of Bird Island","Lake",40.169162,-111.777287,"NAD83","m",47,15,19.6,"umol/m2/s",NA,NA,NA,"Accepted","Actual","Water",NA,NA,NA,NA,NA,NA,NA,NA,NA,NA,1,2019-06-17,6
"4917715",2.3,NA,2019-07-08 14:30:00,"Light, photosynthetic active radiation at depth (PAR)",NA,"UTAHDWQ_WQX","Utah Department Of Environmental Quality","Utah Lake 1 mile southeast of Bird Island","Lake",40.169162,-111.777287,"NAD83","m",30,14,23,"umol/m2/s",NA,NA,NA,"Accepted","Actual","Water",NA,NA,NA,NA,NA,NA,NA,NA,NA,NA,1,2019-07-08,7
"4917715",2.4,NA,2019-08-12 14:13:56,"Light, photosynthetic active radiation at depth (PAR)",NA,"UTAHDWQ_WQX","Utah Department Of Environmental Quality","Utah Lake 1 mile southeast of Bird Island","Lake",40.169162,-111.777287,"NAD83","m",13,14,5,"umol/m2/s",NA,NA,NA,"Accepted","Actual","Water",NA,NA,NA,NA,NA,NA,NA,NA,NA,NA,1,2019-08-12,8
"4917715",2.4,NA,2019-09-23 12:08:00,"Light, photosynthetic active radiation at depth (PAR)",NA,"UTAHDWQ_WQX","Utah Department Of Environmental Quality","Utah Lake 1 mile southeast of Bird Island","Lake",40.169162,-111.777287,"NAD83","m",8,12,2.2,"umol/m2/s",NA,NA,NA,"Accepted","Actual","Water",NA,NA,NA,NA,NA,NA,NA,NA,NA,NA,1,2019-09-23,9
"4917715",2.7,NA,2019-06-17 15:47:17,"Light, photosynthetic active radiation at depth (PAR)",NA,"UTAHDWQ_WQX","Utah Department Of Environmental Quality","Utah Lake 1 mile southeast of Bird Island","Lake",40.169162,-111.777287,"NAD83","m",47,15,7.5,"umol/m2/s",NA,NA,NA,"Accepted","Actual","Water",NA,NA,NA,NA,NA,NA,NA,NA,NA,NA,1,2019-06-17,6
"4917715",2.8,NA,2019-08-12 14:13:56,"Light, photosynthetic active radiation at depth (PAR)",NA,"UTAHDWQ_WQX","Utah Department Of Environmental Quality","Utah Lake 1 mile southeast of Bird Island","Lake",40.169162,-111.777287,"NAD83","m",13,14,1.4,"umol/m2/s",NA,NA,NA,"Accepted","Actual","Water",NA,NA,NA,NA,NA,NA,NA,NA,NA,NA,1,2019-08-12,8
"4917715",2.9,NA,2019-05-13 13:25:00,"Light, photosynthetic active radiation at depth (PAR)",NA,"UTAHDWQ_WQX","Utah Department Of Environmental Quality","Utah Lake 1 mile southeast of Bird Island","Lake",40.169162,-111.777287,"NAD83","m",25,13,31.8,"umol/m2/s",NA,NA,NA,"Accepted","Actual","Water",NA,NA,NA,NA,NA,NA,NA,NA,NA,NA,1,2019-05-13,5
"4917715",3,NA,2019-07-08 14:30:00,"Light, photosynthetic active radiation at depth (PAR)",NA,"UTAHDWQ_WQX","Utah Department Of Environmental Quality","Utah Lake 1 mile southeast of Bird Island","Lake",40.169162,-111.777287,"NAD83","m",30,14,8.3,"umol/m2/s",NA,NA,NA,"Accepted","Actual","Water",NA,NA,NA,NA,NA,NA,NA,NA,NA,NA,1,2019-07-08,7
"4917715",3,NA,2019-09-23 12:08:00,"Light, photosynthetic active radiation at depth (PAR)",NA,"UTAHDWQ_WQX","Utah Department Of Environmental Quality","Utah Lake 1 mile southeast of Bird Island","Lake",40.169162,-111.777287,"NAD83","m",8,12,0.5,"umol/m2/s",NA,NA,NA,"Accepted","Actual","Water",NA,NA,NA,NA,NA,NA,NA,NA,NA,NA,1,2019-09-23,9
"4917715",3.3,NA,2019-06-17 15:47:17,"Light, photosynthetic active radiation at depth (PAR)",NA,"UTAHDWQ_WQX","Utah Department Of Environmental Quality","Utah Lake 1 mile southeast of Bird Island","Lake",40.169162,-111.777287,"NAD83","m",47,15,1.3,"umol/m2/s",NA,NA,NA,"Accepted","Actual","Water",NA,NA,NA,NA,NA,NA,NA,NA,NA,NA,1,2019-06-17,6
"4917715",3.4,NA,2019-07-08 14:30:00,"Light, photosynthetic active radiation at depth (PAR)",NA,"UTAHDWQ_WQX","Utah Department Of Environmental Quality","Utah Lake 1 mile southeast of Bird Island","Lake",40.169162,-111.777287,"NAD83","m",30,14,2.4,"umol/m2/s",NA,NA,NA,"Accepted","Actual","Water",NA,NA,NA,NA,NA,NA,NA,NA,NA,NA,1,2019-07-08,7
"4917770",0.0001,NA,2019-08-12 13:39:21,"Light, photosynthetic active radiation at depth (PAR)",NA,"UTAHDWQ_WQX","Utah Department Of Environmental Quality","UTAH LAKE  OUTSIDE ENTRANCE TO PROVO BAY","Lake",40.188566674,-111.731314244,"NAD83","m",39,13,1300,"umol/m2/s",NA,NA,NA,"Accepted","Actual","Water",NA,NA,NA,NA,NA,NA,NA,NA,NA,NA,1,2019-08-12,8
"4917770",0.0001,NA,2019-09-23 11:40:00,"Light, photosynthetic active radiation at depth (PAR)",NA,"UTAHDWQ_WQX","Utah Department Of Environmental Quality","UTAH LAKE  OUTSIDE ENTRANCE TO PROVO BAY","Lake",40.188566674,-111.731314244,"NAD83","m",40,11,611,"umol/m2/s",NA,NA,NA,"Accepted","Actual","Water",NA,NA,NA,NA,NA,NA,NA,NA,NA,NA,1,2019-09-23,9
"4917770",0.2,NA,2019-07-08 13:55:00,"Light, photosynthetic active radiation at depth (PAR)",NA,"UTAHDWQ_WQX","Utah Department Of Environmental Quality","UTAH LAKE  OUTSIDE ENTRANCE TO PROVO BAY","Lake",40.188566674,-111.731314244,"NAD83","m",55,13,1780,"umol/m2/s",NA,NA,NA,"Accepted","Actual","Water",NA,NA,NA,NA,NA,NA,NA,NA,NA,NA,1,2019-07-08,7
"4917770",0.4,NA,2019-06-17 14:21:31,"Light, photosynthetic active radiation at depth (PAR)",NA,"UTAHDWQ_WQX","Utah Department Of Environmental Quality","UTAH LAKE  OUTSIDE ENTRANCE TO PROVO BAY","Lake",40.188566674,-111.731314244,"NAD83","m",21,14,195,"umol/m2/s",NA,NA,NA,"Accepted","Actual","Water",NA,NA,NA,NA,NA,NA,NA,NA,NA,NA,1,2019-06-17,6
"4917770",0.6,NA,2019-07-08 13:55:00,"Light, photosynthetic active radiation at depth (PAR)",NA,"UTAHDWQ_WQX","Utah Department Of Environmental Quality","UTAH LAKE  OUTSIDE ENTRANCE TO PROVO BAY","Lake",40.188566674,-111.731314244,"NAD83","m",55,13,720,"umol/m2/s",NA,NA,NA,"Accepted","Actual","Water",NA,NA,NA,NA,NA,NA,NA,NA,NA,NA,1,2019-07-08,7
"4917770",0.6,NA,2019-09-23 11:40:00,"Light, photosynthetic active radiation at depth (PAR)",NA,"UTAHDWQ_WQX","Utah Department Of Environmental Quality","UTAH LAKE  OUTSIDE ENTRANCE TO PROVO BAY","Lake",40.188566674,-111.731314244,"NAD83","m",40,11,170,"umol/m2/s",NA,NA,NA,"Accepted","Actual","Water",NA,NA,NA,NA,NA,NA,NA,NA,NA,NA,1,2019-09-23,9
"4917770",0.8,NA,2019-08-12 13:39:21,"Light, photosynthetic active radiation at depth (PAR)",NA,"UTAHDWQ_WQX","Utah Department Of Environmental Quality","UTAH LAKE  OUTSIDE ENTRANCE TO PROVO BAY","Lake",40.188566674,-111.731314244,"NAD83","m",39,13,220,"umol/m2/s",NA,NA,NA,"Accepted","Actual","Water",NA,NA,NA,NA,NA,NA,NA,NA,NA,NA,1,2019-08-12,8
"4917770",0.9,NA,2019-06-17 14:21:31,"Light, photosynthetic active radiation at depth (PAR)",NA,"UTAHDWQ_WQX","Utah Department Of Environmental Quality","UTAH LAKE  OUTSIDE ENTRANCE TO PROVO BAY","Lake",40.188566674,-111.731314244,"NAD83","m",21,14,42.1,"umol/m2/s",NA,NA,NA,"Accepted","Actual","Water",NA,NA,NA,NA,NA,NA,NA,NA,NA,NA,1,2019-06-17,6
"4917770",1,NA,2019-07-08 13:55:00,"Light, photosynthetic active radiation at depth (PAR)",NA,"UTAHDWQ_WQX","Utah Department Of Environmental Quality","UTAH LAKE  OUTSIDE ENTRANCE TO PROVO BAY","Lake",40.188566674,-111.731314244,"NAD83","m",55,13,195,"umol/m2/s",NA,NA,NA,"Accepted","Actual","Water",NA,NA,NA,NA,NA,NA,NA,NA,NA,NA,1,2019-07-08,7
"4917770",1.1,NA,2019-09-23 11:40:00,"Light, photosynthetic active radiation at depth (PAR)",NA,"UTAHDWQ_WQX","Utah Department Of Environmental Quality","UTAH LAKE  OUTSIDE ENTRANCE TO PROVO BAY","Lake",40.188566674,-111.731314244,"NAD83","m",40,11,10,"umol/m2/s",NA,NA,NA,"Accepted","Actual","Water",NA,NA,NA,NA,NA,NA,NA,NA,NA,NA,1,2019-09-23,9
"4917770",1.2,NA,2019-06-17 14:21:31,"Light, photosynthetic active radiation at depth (PAR)",NA,"UTAHDWQ_WQX","Utah Department Of Environmental Quality","UTAH LAKE  OUTSIDE ENTRANCE TO PROVO BAY","Lake",40.188566674,-111.731314244,"NAD83","m",21,14,34.5,"umol/m2/s",NA,NA,NA,"Accepted","Actual","Water",NA,NA,NA,NA,NA,NA,NA,NA,NA,NA,1,2019-06-17,6
"4917770",1.2,NA,2019-08-12 13:39:21,"Light, photosynthetic active radiation at depth (PAR)",NA,"UTAHDWQ_WQX","Utah Department Of Environmental Quality","UTAH LAKE  OUTSIDE ENTRANCE TO PROVO BAY","Lake",40.188566674,-111.731314244,"NAD83","m",39,13,20,"umol/m2/s",NA,NA,NA,"Accepted","Actual","Water",NA,NA,NA,NA,NA,NA,NA,NA,NA,NA,1,2019-08-12,8
"4917770",1.5,NA,2019-07-08 13:55:00,"Light, photosynthetic active radiation at depth (PAR)",NA,"UTAHDWQ_WQX","Utah Department Of Environmental Quality","UTAH LAKE  OUTSIDE ENTRANCE TO PROVO BAY","Lake",40.188566674,-111.731314244,"NAD83","m",55,13,44,"umol/m2/s",NA,NA,NA,"Accepted","Actual","Water",NA,NA,NA,NA,NA,NA,NA,NA,NA,NA,1,2019-07-08,7
"4917770",1.6,NA,2019-09-23 11:40:00,"Light, photosynthetic active radiation at depth (PAR)",NA,"UTAHDWQ_WQX","Utah Department Of Environmental Quality","UTAH LAKE  OUTSIDE ENTRANCE TO PROVO BAY","Lake",40.188566674,-111.731314244,"NAD83","m",40,11,0.3,"umol/m2/s",NA,NA,NA,"Accepted","Actual","Water",NA,NA,NA,NA,NA,NA,NA,NA,NA,NA,1,2019-09-23,9
"4917770",1.7,NA,2019-06-17 14:21:31,"Light, photosynthetic active radiation at depth (PAR)",NA,"UTAHDWQ_WQX","Utah Department Of Environmental Quality","UTAH LAKE  OUTSIDE ENTRANCE TO PROVO BAY","Lake",40.188566674,-111.731314244,"NAD83","m",21,14,25.7,"umol/m2/s",NA,NA,NA,"Accepted","Actual","Water",NA,NA,NA,NA,NA,NA,NA,NA,NA,NA,1,2019-06-17,6
"4917770",1.8,NA,2019-08-12 13:39:21,"Light, photosynthetic active radiation at depth (PAR)",NA,"UTAHDWQ_WQX","Utah Department Of Environmental Quality","UTAH LAKE  OUTSIDE ENTRANCE TO PROVO BAY","Lake",40.188566674,-111.731314244,"NAD83","m",39,13,1,"umol/m2/s",NA,NA,NA,"Accepted","Actual","Water",NA,NA,NA,NA,NA,NA,NA,NA,NA,NA,1,2019-08-12,8
"4917770",1.9,NA,2019-06-17 14:21:31,"Light, photosynthetic active radiation at depth (PAR)",NA,"UTAHDWQ_WQX","Utah Department Of Environmental Quality","UTAH LAKE  OUTSIDE ENTRANCE TO PROVO BAY","Lake",40.188566674,-111.731314244,"NAD83","m",21,14,21.5,"umol/m2/s",NA,NA,NA,"Accepted","Actual","Water",NA,NA,NA,NA,NA,NA,NA,NA,NA,NA,1,2019-06-17,6
"4917770",2,NA,2019-07-08 13:55:00,"Light, photosynthetic active radiation at depth (PAR)",NA,"UTAHDWQ_WQX","Utah Department Of Environmental Quality","UTAH LAKE  OUTSIDE ENTRANCE TO PROVO BAY","Lake",40.188566674,-111.731314244,"NAD83","m",55,13,10.5,"umol/m2/s",NA,NA,NA,"Accepted","Actual","Water",NA,NA,NA,NA,NA,NA,NA,NA,NA,NA,1,2019-07-08,7
"4917770",2.1,NA,2019-08-12 13:39:21,"Light, photosynthetic active radiation at depth (PAR)",NA,"UTAHDWQ_WQX","Utah Department Of Environmental Quality","UTAH LAKE  OUTSIDE ENTRANCE TO PROVO BAY","Lake",40.188566674,-111.731314244,"NAD83","m",39,13,0.7,"umol/m2/s",NA,NA,NA,"Accepted","Actual","Water",NA,NA,NA,NA,NA,NA,NA,NA,NA,NA,1,2019-08-12,8
"4917770",2.6,NA,2019-07-08 13:55:00,"Light, photosynthetic active radiation at depth (PAR)",NA,"UTAHDWQ_WQX","Utah Department Of Environmental Quality","UTAH LAKE  OUTSIDE ENTRANCE TO PROVO BAY","Lake",40.188566674,-111.731314244,"NAD83","m",55,13,7,"umol/m2/s",NA,NA,NA,"Accepted","Actual","Water",NA,NA,NA,NA,NA,NA,NA,NA,NA,NA,1,2019-07-08,7
